CID,MolecularFormula,MolecularWeight,CanonicalSMILES,IsomericSMILES,XLogP,Charge,HBondDonorCount,HBondAcceptorCount,RotatableBondCount,Drug,Phase,mol,mol_w,NumValenceElectrons,NumAromaticRings,NumSaturatedRings,NumAliphaticRings,RingCount,TPSA,num_of_atoms,num_of_heavy_atoms,num_of_C_atoms,num_of_O_atoms,num_of_N_atoms,num_of_Cl_atoms
15604015,C23H25ClN2O,380.9,C1C2CC3(CC1CC(C2)(C3)C(=O)NCC4=CC=NC=C4)C5=CC=C(C=C5)Cl,C1C2CC3(CC1CC(C2)(C3)C(=O)NCC4=CC=NC=C4)C5=CC=C(C=C5)Cl,4.8894,0,1,2,4,ABC-294640,3,<rdkit.Chem.rdchem.Mol object at 0x000001457E4FF030>,380.1655411,140,2,4,4,6,41.99,52,27,23,1,2,1
72734520,C26H26FN7O2,487.5,CN1CCN(CC1)C2=C(C=C(C=C2)NC3=NC4=C(C=CN4)C(=N3)OC5=CC=CC(=C5)NC(=O)C=C)F,CN1CCN(CC1)C2=C(C=C(C=C2)NC3=NC4=C(C=CN4)C(=N3)OC5=CC=CC(=C5)NC(=O)C=C)F,4.5092,0,3,8,7,Abivertinib,2,<rdkit.Chem.rdchem.Mol object at 0x000001457E4FF080>,487.2132013,184,4,1,1,5,98.41,62,36,26,2,7,0
49846599,C16H10ClF3N2O,338.71,C1=CC2=C(C(=C1)Cl)N=C(C=C2)NC3=CC=C(C=C3)OC(F)(F)F,C1=CC2=C(C(=C1)Cl)N=C(C=C2)NC3=CC=C(C=C3)OC(F)(F)F,5.5304,0,1,6,3,ABX-464,3,<rdkit.Chem.rdchem.Mol object at 0x000001457E4FF0D0>,338.0433753,118,3,0,0,3,34.15,33,23,16,1,2,1
71226662,C26H23N7O2,465.5,CC#CC(=O)N1CCCC1C2=NC(=C3N2C=CN=C3N)C4=CC=C(C=C4)C(=O)NC5=CC=CC=N5,CC#CC(=O)N1CCC[C@H]1C2=NC(=C3N2C=CN=C3N)C4=CC=C(C=C4)C(=O)NC5=CC=CC=N5,3.3126,0,2,6,4,Acalabrutinib,2,<rdkit.Chem.rdchem.Mol object at 0x000001457E4FF120>,465.191323,174,4,1,1,5,118.51,58,35,26,2,7,0
1983,C8H9NO2,151.16,CC(=O)NC1=CC=C(C=C1)O,CC(=O)NC1=CC=C(C=C1)O,1.3506,0,2,2,1,Acetaminophen,2,<rdkit.Chem.rdchem.Mol object at 0x000001457E4FF170>,151.0633285,58,1,0,0,1,49.33,20,11,8,2,1,0
12035,C5H9NO3S,163.2,CC(=O)NC(CS)C(=O)O,CC(=O)N[C@@H](CS)C(=O)O,-0.4945,0,3,4,3,Acetylcysteine,4,<rdkit.Chem.rdchem.Mol object at 0x000001457E4FF1C0>,163.0303141,58,0,0,0,0,66.4,19,10,5,3,1,0
2244,C9H8O4,180.16,CC(=O)OC1=CC=CC=C1C(=O)O,CC(=O)OC1=CC=CC=C1C(=O)O,1.3101,0,1,4,3,Acetylsalicylic%20acid,3,<rdkit.Chem.rdchem.Mol object at 0x000001457E4FF210>,180.0422587,68,1,0,0,1,63.6,21,13,9,4,0,0
2088,C4H13NO7P2,249.1,C(CC(O)(P(=O)(O)O)P(=O)(O)O)CN,C(CC(O)(P(=O)(O)O)P(=O)(O)O)CN,-1.2732,0,6,8,5,Alendronic%20acid,4,<rdkit.Chem.rdchem.Mol object at 0x000001457E4FF260>,249.016725,86,0,0,0,0,161.31,27,14,4,7,1,0
5493444,C30H53N3O6,551.8,CC(C)C(CC1=CC(=C(C=C1)OC)OCCCOC)CC(C(CC(C(C)C)C(=O)NCC(C)(C)C(=O)N)O)N,CC(C)[C@@H](CC1=CC(=C(C=C1)OC)OCCCOC)C[C@@H]([C@H](C[C@@H](C(C)C)C(=O)NCC(C)(C)C(=O)N)O)N,3.2935,0,4,7,19,Aliskiren,0,<rdkit.Chem.rdchem.Mol object at 0x000001457E4FF2B0>,551.3934364,224,1,0,0,1,146.13,92,39,30,6,3,0
33887,C26H29F2N7,477.6,C=CCNC1=NC(=NC(=N1)N2CCN(CC2)C(C3=CC=C(C=C3)F)C4=CC=C(C=C4)F)NCC=C,C=CCNC1=NC(=NC(=N1)N2CCN(CC2)C(C3=CC=C(C=C3)F)C4=CC=C(C=C4)F)NCC=C,4.2572,0,2,9,10,Almitrine,3,<rdkit.Chem.rdchem.Mol object at 0x000001457E4FF300>,477.2452504,182,3,1,1,4,69.21,64,35,26,0,7,0
5280934,C18H30O2,278.4,CCC=CCC=CCC=CCCCCCCCC(=O)O,CC/C=C\C/C=C\C/C=C\CCCCCCCC(=O)O,5.6605,0,1,2,13,alpha-Linolenic%20acid,3,<rdkit.Chem.rdchem.Mol object at 0x000001457E4FF350>,278.2245802,114,0,0,0,0,37.3,50,20,18,2,0,0
6918493,C22H22N2O4,378.4,CC1=CC(=NC(=N1)OC(C(=O)O)C(C2=CC=CC=C2)(C3=CC=CC=C3)OC)C,CC1=CC(=NC(=N1)O[C@H](C(=O)O)C(C2=CC=CC=C2)(C3=CC=CC=C3)OC)C,3.51564,0,1,6,7,Ambrisentan,3,<rdkit.Chem.rdchem.Mol object at 0x000001457E4FF3A0>,378.1579572,144,3,0,0,3,81.54,50,28,22,4,2,0
2157,C25H29I2NO3,645.3,CCCCC1=C(C2=CC=CC=C2O1)C(=O)C3=CC(=C(C(=C3)I)OCCN(CC)CC)I,CCCCC1=C(C2=CC=CC=C2O1)C(=O)C3=CC(=C(C(=C3)I)OCCN(CC)CC)I,6.9362,0,0,4,11,Amiodarone,3,<rdkit.Chem.rdchem.Mol object at 0x000001457E4FF3F0>,645.0236898,166,3,0,0,3,42.68,60,31,25,3,1,0
2162,C20H25ClN2O5,408.9,CCOC(=O)C1=C(NC(=C(C1C2=CC=CC=C2Cl)C(=O)OC)C)COCCN,CCOC(=O)C1=C(NC(=C(C1C2=CC=CC=C2Cl)C(=O)OC)C)COCCN,2.2663,0,2,7,10,Amlodipine,3,<rdkit.Chem.rdchem.Mol object at 0x000001457E4FF440>,408.1451996,152,1,0,1,2,99.88,53,28,20,5,2,1
33613,C16H19N3O5S,365.4,CC1(C(N2C(S1)C(C2=O)NC(=O)C(C3=CC=C(C=C3)O)N)C(=O)O)C,CC1([C@@H](N2[C@H](S1)[C@@H](C2=O)NC(=O)[C@@H](C3=CC=C(C=C3)O)N)C(=O)O)C,0.0237,0,4,7,4,Amoxicillin,3,<rdkit.Chem.rdchem.Mol object at 0x000001457E4FF490>,365.1045417,134,1,2,2,3,132.96,44,25,16,5,3,0
131634231,C83H117N23O18S2,1789.1,CCC(C)C(C(=O)NC1CSSCC(NC(=O)C(NC(=O)C(NC(=O)C(NC(=O)CN(C(=O)C(NC(=O)C(NC(=O)C(NC(=O)C(NC(=O)C(NC1=O)C(C)C)CC2=CN(C3=CC=CC=C32)C)CCC(=O)N)CC(=O)O)CC4=CNC5=CC=CC=C54)C)C)CC6=CN=CN6)CCCNC(=N)N)C(=O)N(C)C(C(C)CC)C(=O)N)NC(=O)C(CC7=CC=C(C=C7)O)N,CC[C@H](C)[C@@H](C(=O)N[C@H]1CSSC[C@H](NC(=O)[C@@H](NC(=O)[C@@H](NC(=O)[C@@H](NC(=O)CN(C(=O)[C@@H](NC(=O)[C@@H](NC(=O)[C@@H](NC(=O)[C@@H](NC(=O)[C@@H](NC1=O)C(C)C)CC2=CN(C3=CC=CC=C32)C)CCC(=O)N)CC(=O)O)CC4=CNC5=CC=CC=C54)C)C)CC6=CN=CN6)CCCNC(=N)N)C(=O)N(C)[C@@H]([C@@H](C)CC)C(=O)N)NC(=O)[C@@H](CC7=CC=C(C=C7)O)N,-2.04373,0,21,23,30,AMY-101,2,<rdkit.Chem.rdchem.Mol object at 0x000001457E4FF4E0>,1787.838836,684,6,1,1,7,641.75,243,126,83,18,23,0
139595263,C20H23N5O7S2,509.6,CC(C)(C)C(=O)OCON=C(C1=CSC(=N1)N)C(=O)NC2C3N(C2=O)C(=C(CS3)C=C)C(=O)O,CC(C)(C)C(=O)OCON=C(C1=CSC(=N1)N)C(=O)NC2C3N(C2=O)C(=C(CS3)C=C)C(=O)O,0.9174,0,3,12,10,Anakinra,3,<rdkit.Chem.rdchem.Mol object at 0x000001457E4FF530>,509.1038901,182,1,1,2,3,173.51,57,34,20,7,5,0
123805,C41H62N12O11,899,CCC(C)C(C(=O)NC(CC1=CN=CN1)C(=O)N2CCCC2C(=O)O)NC(=O)C(CC3=CC=C(C=C3)O)NC(=O)C(C(C)C)NC(=O)C(CCCN=C(N)N)NC(=O)C(CC(=O)O)N,CC[C@H](C)[C@@H](C(=O)N[C@@H](CC1=CN=CN1)C(=O)N2CCC[C@H]2C(=O)O)NC(=O)[C@H](CC3=CC=C(C=C3)O)NC(=O)[C@H](C(C)C)NC(=O)[C@H](CCCN=C(N)N)NC(=O)[C@H](CC(=O)O)N,-2.0422,0,12,14,25,Angiotensin%201-7,3,<rdkit.Chem.rdchem.Mol object at 0x000001457E4FF580>,898.4661008,352,2,1,1,3,379.74,126,64,41,11,12,0
172198,C50H71N13O12,1046.2,CCC(C)C(C(=O)NC(CC1=CN=CN1)C(=O)N2CCCC2C(=O)NC(CC3=CC=CC=C3)C(=O)O)NC(=O)C(CC4=CC=C(C=C4)O)NC(=O)C(C(C)C)NC(=O)C(CCCN=C(N)N)NC(=O)C(CC(=O)O)N,CC[C@H](C)[C@@H](C(=O)N[C@@H](CC1=CN=CN1)C(=O)N2CCC[C@H]2C(=O)N[C@@H](CC3=CC=CC=C3)C(=O)O)NC(=O)[C@H](CC4=CC=C(C=C4)O)NC(=O)[C@H](C(C)C)NC(=O)[C@H](CCCN=C(N)N)NC(=O)[C@H](CC(=O)O)N,-1.3147,0,13,15,29,Angiotensin%20II,4,<rdkit.Chem.rdchem.Mol object at 0x000001457E4FF5D0>,1045.534515,408,3,1,1,4,408.84,146,75,50,12,13,0
10173277,C23H26N6O2,418.5,CC1=CC(=CC=C1)C=NNC2=CC(=NC(=N2)OCCC3=CC=CC=N3)N4CCOCC4,CC1=CC(=CC=C1)/C=N/NC2=CC(=NC(=N2)OCCC3=CC=CC=N3)N4CCOCC4,3.08412,0,1,8,8,Apilimod,2,<rdkit.Chem.rdchem.Mol object at 0x000001457E4FF620>,418.2117241,160,3,1,1,4,84.76,57,31,23,2,6,0
2214,C9H10O3,166.17,CC(=O)C1=CC(=C(C=C1)O)OC,CC(=O)C1=CC(=C(C=C1)O)OC,1.6034,0,1,3,2,Apocynin,3,<rdkit.Chem.rdchem.Mol object at 0x000001457E4FF670>,166.0629942,64,1,0,0,1,46.53,22,12,9,3,0,0
11561674,C22H24N2O7S,460.5,CCOC1=C(C=CC(=C1)C(CS(=O)(=O)C)N2C(=O)C3=C(C2=O)C(=CC=C3)NC(=O)C)OC,CCOC1=C(C=CC(=C1)[C@@H](CS(=O)(=O)C)N2C(=O)C3=C(C2=O)C(=CC=C3)NC(=O)C)OC,2.4342,0,1,7,8,Apremilast,2,<rdkit.Chem.rdchem.Mol object at 0x000001457E4FF6C0>,460.1304221,170,2,0,1,3,119.08,56,32,22,7,2,0
135413536,C23H21F7N4O3,534.4,CC(C1=CC(=CC(=C1)C(F)(F)F)C(F)(F)F)OC2C(N(CCO2)CC3=NNC(=O)N3)C4=CC=C(C=C4)F,C[C@H](C1=CC(=CC(=C1)C(F)(F)F)C(F)(F)F)O[C@@H]2[C@@H](N(CCO2)CC3=NNC(=O)N3)C4=CC=C(C=C4)F,4.9521,0,2,12,6,Aprepitant,2,<rdkit.Chem.rdchem.Mol object at 0x000001457E4FF710>,534.1501881,200,3,1,1,4,83.24,58,37,23,3,4,0
16130295,C284H432N84O79S7,6511,CCC(C)C1C(=O)NC(C(=O)NC(C(=O)NC(C(=O)NC(C(=O)NC(C(=O)NC(C(=O)NC(C(=O)NC(C(=O)NC(C(=O)NCC(=O)NC(C(=O)NC2CSSCC3C(=O)NC(C(=O)NC(C(=O)NC(C(=O)NC(CSSCC(C(=O)NC(C(=O)NC(C(=O)N4CCCC4C(=O)N5CCCC5C(=O)NC(C(=O)NC(C(=O)NCC(=O)N6CCCC6C(=O)NC(CSSCC(C(=O)NC(C(=O)NC(C(=O)NC(C(=O)NC(C(=O)NC(C(=O)NC(C(=O)NC(C(=O)NC(C(=O)NC(C(=O)NC(C(=O)NC(C(=O)NC(C(=O)N3)CC(=O)O)CCC(=O)O)C)CO)CCCCN)CC7=CC=CC=C7)CC(=O)N)CC(=O)N)CCCNC(=N)N)CCCCN)C)CCCNC(=N)N)NC(=O)CNC(=O)CNC(=O)C(NC(=O)C(NC(=O)C(NC(=O)C(NC(=O)C(NC2=O)CCC(=O)N)C(C)O)CC8=CC=CC=C8)C(C)C)CC9=CC=C(C=C9)O)C(=O)NC(C(=O)NC(C(=O)NC(C(=O)N1)CCCNC(=N)N)C)CCCCN)C(C)O)CC1=CC=C(C=C1)O)CCC(=O)O)CC(C)C)NC(=O)C(CC1=CC=CC=C1)NC(=O)C(CC(=O)O)NC(=O)C1CCCN1C(=O)C(CCCNC(=N)N)N)C(=O)NCC(=O)NCC(=O)NC(C)C(=O)O)C(C)O)CCCNC(=N)N)CCSC)CC(C)C)C)CCCCN)C)CC(=O)N)CC1=CC=C(C=C1)O)CC1=CC=CC=C1)CC1=CC=C(C=C1)O)CCCNC(=N)N)C(C)CC,CC[C@H](C)[C@H]1C(=O)N[C@H](C(=O)N[C@H](C(=O)N[C@H](C(=O)N[C@H](C(=O)N[C@H](C(=O)N[C@H](C(=O)N[C@H](C(=O)N[C@H](C(=O)N[C@H](C(=O)NCC(=O)N[C@H](C(=O)N[C@H]2CSSC[C@H]3C(=O)N[C@H](C(=O)N[C@H](C(=O)N[C@H](C(=O)N[C@@H](CSSC[C@@H](C(=O)N[C@H](C(=O)N[C@H](C(=O)N4CCC[C@H]4C(=O)N5CCC[C@H]5C(=O)N[C@H](C(=O)N[C@H](C(=O)NCC(=O)N6CCC[C@H]6C(=O)N[C@@H](CSSC[C@@H](C(=O)N[C@H](C(=O)N[C@H](C(=O)N[C@H](C(=O)N[C@H](C(=O)N[C@H](C(=O)N[C@H](C(=O)N[C@H](C(=O)N[C@H](C(=O)N[C@H](C(=O)N[C@H](C(=O)N[C@H](C(=O)N[C@H](C(=O)N3)CC(=O)O)CCC(=O)O)C)CO)CCCCN)CC7=CC=CC=C7)CC(=O)N)CC(=O)N)CCCNC(=N)N)CCCCN)C)CCCNC(=N)N)NC(=O)CNC(=O)CNC(=O)[C@@H](NC(=O)[C@@H](NC(=O)[C@@H](NC(=O)[C@@H](NC(=O)[C@@H](NC2=O)CCC(=O)N)[C@@H](C)O)CC8=CC=CC=C8)C(C)C)CC9=CC=C(C=C9)O)C(=O)N[C@H](C(=O)N[C@H](C(=O)N[C@H](C(=O)N1)CCCNC(=N)N)C)CCCCN)[C@@H](C)O)CC1=CC=C(C=C1)O)CCC(=O)O)CC(C)C)NC(=O)[C@H](CC1=CC=CC=C1)NC(=O)[C@H](CC(=O)O)NC(=O)[C@@H]1CCCN1C(=O)[C@H](CCCNC(=N)N)N)C(=O)NCC(=O)NCC(=O)N[C@@H](C)C(=O)O)[C@@H](C)O)CCCNC(=N)N)CCSC)CC(C)C)C)CCCCN)C)CC(=O)N)CC1=CC=C(C=C1)O)CC1=CC=CC=C1)CC1=CC=C(C=C1)O)CCCNC(=N)N)[C@@H](C)CC,-26.69198,0,93,97,111,Aprotinin,2,<rdkit.Chem.rdchem.Mol object at 0x000001457E4FF760>,6507.041382,2504,8,7,7,15,2645.74,886,454,284,79,84,0
92722,C23H36N6O5S,508.6,CC1CCN(C(C1)C(=O)O)C(=O)C(CCCN=C(N)N)NS(=O)(=O)C2=CC=CC3=C2NCC(C3)C,C[C@@H]1CCN([C@H](C1)C(=O)O)C(=O)[C@H](CCCN=C(N)N)NS(=O)(=O)C2=CC=CC3=C2NCC(C3)C,0.7029,0,5,8,9,Argatroban,4,<rdkit.Chem.rdchem.Mol object at 0x000001457E4FF7B0>,508.2467893,194,1,1,2,3,180.21,71,35,23,5,6,0
68827,C15H22O5,282.33,CC1CCC2C(C(=O)OC3C24C1CCC(O3)(OO4)C)C,C[C@@H]1CC[C@H]2[C@H](C(=O)O[C@H]3[C@@]24[C@H]1CC[C@](O3)(OO4)C)C,2.3949,0,0,5,0,Artemisinin,4,<rdkit.Chem.rdchem.Mol object at 0x000001457E4FF800>,282.1467238,112,0,5,5,5,53.99,42,20,15,5,0,0
11358077,C15H24O5,284.35,CC1CCC2C(C(OC3C24C1CCC(O3)(OO4)C)O)C,C[C@@H]1CC[C@H]2[C@H]([C@@H](O[C@H]3[C@@]24[C@H]1CC[C@](O3)(OO4)C)O)C,2.1867,0,1,5,0,Artenimol,4,<rdkit.Chem.rdchem.Mol object at 0x000001457E4FF850>,284.1623739,114,0,5,5,5,57.15,44,20,15,5,0,0
6917864,C19H28O8,384.4,CC1CCC2C(C(OC3C24C1CCC(O3)(OO4)C)OC(=O)CCC(=O)O)C,C[C@@H]1CC[C@H]2[C@H]([C@@H](O[C@H]3[C@@]24[C@H]1CC[C@](O3)(OO4)C)OC(=O)CCC(=O)O)C,2.6024,0,1,8,5,Artesunate,2,<rdkit.Chem.rdchem.Mol object at 0x000001457E4FF8A0>,384.1784179,152,0,5,5,5,100.52,55,27,19,8,0,0
54670067,C6H8O6,176.12,C(C(C1C(=C(C(=O)O1)O)O)O)O,C([C@@H]([C@@H]1C(=C(C(=O)O1)O)O)O)O,-1.4074,0,4,6,2,Ascorbic%20acid,3,<rdkit.Chem.rdchem.Mol object at 0x000001457E4FF8F0>,176.032088,68,0,0,1,1,107.22,20,12,6,6,0,0
9815453,C7H10N2O4,186.17,CC1C(=O)NC(C(=O)N1)CC(=O)O,C[C@H]1C(=O)N[C@H](C(=O)N1)CC(=O)O,-1.5358,0,3,4,2,Aspartyl-alanyl-diketopiperazine,1,<rdkit.Chem.rdchem.Mol object at 0x000001457E4FF940>,186.0640568,72,0,1,1,1,95.5,23,13,7,4,2,0
56639723,C17H10F3N5O3S,421.4,C1=CC2=C(C=C1C(F)(F)F)N=C(S2)CN3C(=O)C4=NC=CN=C4C(=N3)CC(=O)O,C1=CC2=C(C=C1C(F)(F)F)N=C(S2)CN3C(=O)C4=NC=CN=C4C(=N3)CC(=O)O,2.4904,0,1,11,4,AT-001,2,<rdkit.Chem.rdchem.Mol object at 0x000001457E4FF990>,421.0456448,148,4,0,0,4,110.86,39,29,17,3,5,0
148192,C38H52N6O7,704.9,CC(C)(C)C(C(=O)NC(CC1=CC=CC=C1)C(CN(CC2=CC=C(C=C2)C3=CC=CC=N3)NC(=O)C(C(C)(C)C)NC(=O)OC)O)NC(=O)OC,CC(C)(C)[C@@H](C(=O)N[C@@H](CC1=CC=CC=C1)[C@H](CN(CC2=CC=C(C=C2)C3=CC=CC=N3)NC(=O)[C@H](C(C)(C)C)NC(=O)OC)O)NC(=O)OC,4.2116,0,5,9,18,Atazanavir,3,<rdkit.Chem.rdchem.Mol object at 0x000001457E4FF9E0>,704.389748,276,3,0,0,3,171.22,103,51,38,7,6,0
60823,C33H35FN2O5,558.6,CC(C)C1=C(C(=C(N1CCC(CC(CC(=O)O)O)O)C2=CC=C(C=C2)F)C3=CC=CC=C3)C(=O)NC4=CC=CC=C4,CC(C)C1=C(C(=C(N1CC[C@H](C[C@H](CC(=O)O)O)O)C2=CC=C(C=C2)F)C3=CC=CC=C3)C(=O)NC4=CC=CC=C4,6.3136,0,4,6,12,Atorvastatin,3,<rdkit.Chem.rdchem.Mol object at 0x000001457E4FFA30>,558.2530004,214,4,0,0,4,111.79,76,41,33,5,2,0
74989,C22H19ClO3,366.8,C1CC(CCC1C2=CC=C(C=C2)Cl)C3=C(C4=CC=CC=C4C(=O)C3=O)O,C1CC(CCC1C2=CC=C(C=C2)Cl)C3=C(C4=CC=CC=C4C(=O)C3=O)O,5.3485,0,1,3,2,Atovaquone,2,<rdkit.Chem.rdchem.Mol object at 0x000001457E4FFA80>,366.1022721,132,2,1,2,4,54.37,45,26,22,3,0,1
16132300,C147H237N43O43S,3326.8,CCC(C)C(C(=O)NC(CC(C)C)C(=O)NC(CC(=O)N)C(=O)O)NC(=O)C(CO)NC(=O)C(CC(=O)N)NC(=O)C(CC(C)C)NC(=O)C(CC1=CC=C(C=C1)O)NC(=O)C(CCCCN)NC(=O)C(CCCCN)NC(=O)C(C(C)C)NC(=O)C(C)NC(=O)C(CCSC)NC(=O)C(CCC(=O)N)NC(=O)C(CCCCN)NC(=O)C(CCCNC(=N)N)NC(=O)C(CC(C)C)NC(=O)C(CCCNC(=N)N)NC(=O)C(C(C)O)NC(=O)C(CC2=CC=C(C=C2)O)NC(=O)C(CC(=O)N)NC(=O)C(CC(=O)O)NC(=O)C(C(C)O)NC(=O)C(CC3=CC=CC=C3)NC(=O)C(C(C)C)NC(=O)C(C)NC(=O)C(CC(=O)O)NC(=O)C(CO)NC(=O)C(CC4=CN=CN4)N,CC[C@H](C)[C@@H](C(=O)N[C@@H](CC(C)C)C(=O)N[C@@H](CC(=O)N)C(=O)O)NC(=O)[C@H](CO)NC(=O)[C@H](CC(=O)N)NC(=O)[C@H](CC(C)C)NC(=O)[C@H](CC1=CC=C(C=C1)O)NC(=O)[C@H](CCCCN)NC(=O)[C@H](CCCCN)NC(=O)[C@H](C(C)C)NC(=O)[C@H](C)NC(=O)[C@H](CCSC)NC(=O)[C@H](CCC(=O)N)NC(=O)[C@H](CCCCN)NC(=O)[C@H](CCCNC(=N)N)NC(=O)[C@H](CC(C)C)NC(=O)[C@H](CCCNC(=N)N)NC(=O)[C@H]([C@@H](C)O)NC(=O)[C@H](CC2=CC=C(C=C2)O)NC(=O)[C@H](CC(=O)N)NC(=O)[C@H](CC(=O)O)NC(=O)[C@H]([C@@H](C)O)NC(=O)[C@H](CC3=CC=CC=C3)NC(=O)[C@H](C(C)C)NC(=O)[C@H](C)NC(=O)[C@H](CC(=O)O)NC(=O)[C@H](CO)NC(=O)[C@H](CC4=CN=CN4)N,-14.61686,0,51,51,115,Aviptadil,3,<rdkit.Chem.rdchem.Mol object at 0x000001457E4FFAD0>,3324.740114,1304,4,0,0,4,1447.9,471,234,147,43,43,0
16039797,C24H26N6O5,478.5,CC1=CN=C(C=N1)NC(=O)C2=CC(=CC(=C2)OC(C)COC)OC3=NC=C(N=C3)C(=O)N4CCC4,CC1=CN=C(C=N1)NC(=O)C2=CC(=CC(=C2)O[C@@H](C)COC)OC3=NC=C(N=C3)C(=O)N4CCC4,2.87922,0,1,9,9,AZD-1656,2,<rdkit.Chem.rdchem.Mol object at 0x000001457E4FFB20>,478.1964679,182,3,1,1,4,128.66,61,35,24,5,6,0
447043,C38H72N2O12,749,CCC1C(C(C(N(CC(CC(C(C(C(C(C(=O)O1)C)OC2CC(C(C(O2)C)O)(C)OC)C)OC3C(C(CC(O3)C)N(C)C)O)(C)O)C)C)C)O)(C)O,CC[C@@H]1[C@@]([C@@H]([C@H](N(C[C@@H](C[C@@]([C@@H]([C@H]([C@@H]([C@H](C(=O)O1)C)O[C@H]2C[C@@]([C@H]([C@@H](O2)C)O)(C)OC)C)O[C@H]3[C@@H]([C@H](C[C@H](O3)C)N(C)C)O)(C)O)C)C)C)O)(C)O,1.9007,0,5,14,7,Azithromycin,3,<rdkit.Chem.rdchem.Mol object at 0x000001457E4FFB70>,748.5085257,306,0,3,3,3,180.08,124,52,38,12,2,0
124081896,C27H23F2N3O7S,571.6,COC(=O)OCOC1=C2C(=O)N3CCOCC3N(N2C=CC1=O)C4C5=C(CSC6=CC=CC=C46)C(=C(C=C5)F)F,COC(=O)OCOC1=C2C(=O)N3CCOC[C@H]3N(N2C=CC1=O)[C@H]4C5=C(CSC6=CC=CC=C46)C(=C(C=C5)F)F,3.3912,0,0,12,6,Baloxavir%20marboxil,0,<rdkit.Chem.rdchem.Mol object at 0x000001457E4FFBC0>,571.1224775,208,3,1,3,6,99.54,63,40,27,7,3,0
400769,C32H43NO4,505.7,CC1(CCC2(CCC3(C(C2C1)C(=O)C=C4C3(CCC5C4(C=C(C(=O)C5(C)C)C#N)C)C)C)C(=O)OC)C,C[C@@]12CC[C@]3(CCC(C[C@H]3[C@H]1C(=O)C=C4[C@]2(CC[C@@H]5[C@@]4(C=C(C(=O)C5(C)C)C#N)C)C)(C)C)C(=O)OC,6.37898,0,0,5,2,Bardoxolone%20methyl,3,<rdkit.Chem.rdchem.Mol object at 0x000001457E4FFC10>,505.3192089,200,0,3,5,5,84.23,80,37,32,4,1,0
44205240,C16H17N7O2S,371.4,CCS(=O)(=O)N1CC(C1)(CC#N)N2C=C(C=N2)C3=C4C=CNC4=NC=N3,CCS(=O)(=O)N1CC(C1)(CC#N)N2C=C(C=N2)C3=C4C=CNC4=NC=N3,1.09568,0,1,7,5,Baricitinib,3,<rdkit.Chem.rdchem.Mol object at 0x000001457E4FFC60>,371.1164438,134,3,1,1,4,120.56,43,26,16,2,7,0
46215462,C30H34N8,506.6,C1CCN(C1)C2CCC3=C(CC2)C=C(C=C3)NC4=NN(C(=N4)N)C5=NN=C6C(=C5)CCCC7=CC=CC=C76,C1CCN(C1)[C@H]2CCC3=C(CC2)C=C(C=C3)NC4=NN(C(=N4)N)C5=NN=C6C(=C5)CCCC7=CC=CC=C76,4.882,0,2,7,4,Bemcentinib,2,<rdkit.Chem.rdchem.Mol object at 0x000001457E4FFCB0>,506.2906431,194,4,1,3,7,97.78,72,38,30,0,8,0
772,C26H42N2O37S5,1134.9,CC(=O)NC1C(C(C(OC1O)COS(=O)(=O)O)OC2C(C(C(C(O2)C(=O)O)OC3C(C(C(C(O3)CO)OC4C(C(C(C(O4)C(=O)O)O)O)OS(=O)(=O)O)OS(=O)(=O)O)NS(=O)(=O)O)O)OS(=O)(=O)O)O,CC(=O)NC1C(C(C(OC1O)COS(=O)(=O)O)OC2C(C(C(C(O2)C(=O)O)OC3C(C(C(C(O3)CO)OC4C(C(C(C(O4)C(=O)O)O)O)OS(=O)(=O)O)OS(=O)(=O)O)NS(=O)(=O)O)O)OS(=O)(=O)O)O,-10.7119,0,15,38,21,Bemiparin,2,<rdkit.Chem.rdchem.Mol object at 0x000001457E4FFD00>,1134.006995,408,0,4,4,4,610.49,112,70,26,37,2,0
2353,C20H18NO4+,336.4,COC1=C(C2=C[N+]3=C(C=C2C=C1)C4=CC5=C(C=C4CC3)OCO5)OC,COC1=C(C2=C[N+]3=C(C=C2C=C1)C4=CC5=C(C=C4CC3)OCO5)OC,3.0963,1,0,4,2,Berberine,4,<rdkit.Chem.rdchem.Mol object at 0x000001457E4FFD50>,336.1230345,126,3,0,2,5,40.8,43,25,20,4,1,0
2375,C18H14F4N2O4S,430.4,CC(CS(=O)(=O)C1=CC=C(C=C1)F)(C(=O)NC2=CC(=C(C=C2)C#N)C(F)(F)F)O,CC(CS(=O)(=O)C1=CC=C(C=C1)F)(C(=O)NC2=CC(=C(C=C2)C#N)C(F)(F)F)O,2.87958,0,2,9,5,Bicalutamide,2,<rdkit.Chem.rdchem.Mol object at 0x000001457E4FFDA0>,430.0610408,154,2,0,0,2,107.26,43,29,18,4,2,0
171548,C10H16N2O3S,244.31,C1C2C(C(S1)CCCCC(=O)O)NC(=O)N2,C1[C@H]2[C@@H]([C@@H](S1)CCCCC(=O)O)NC(=O)N2,0.7968,0,3,4,5,Biotin,3,<rdkit.Chem.rdchem.Mol object at 0x000001457E4FFDF0>,244.0881634,90,0,2,2,2,78.43,32,16,10,3,2,0
16129704,C98H138N24O33,2180.3,CCC(C)C(C(=O)N1CCCC1C(=O)NC(CCC(=O)O)C(=O)NC(CCC(=O)O)C(=O)NC(CC2=CC=C(C=C2)O)C(=O)NC(CC(C)C)C(=O)O)NC(=O)C(CCC(=O)O)NC(=O)C(CCC(=O)O)NC(=O)C(CC3=CC=CC=C3)NC(=O)C(CC(=O)O)NC(=O)CNC(=O)C(CC(=O)N)NC(=O)CNC(=O)CNC(=O)CNC(=O)CNC(=O)C4CCCN4C(=O)C(CCCNC(=N)N)NC(=O)C5CCCN5C(=O)C(CC6=CC=CC=C6)N,CC[C@H](C)[C@@H](C(=O)N1CCC[C@H]1C(=O)N[C@@H](CCC(=O)O)C(=O)N[C@@H](CCC(=O)O)C(=O)N[C@@H](CC2=CC=C(C=C2)O)C(=O)N[C@@H](CC(C)C)C(=O)O)NC(=O)[C@H](CCC(=O)O)NC(=O)[C@H](CCC(=O)O)NC(=O)[C@H](CC3=CC=CC=C3)NC(=O)[C@H](CC(=O)O)NC(=O)CNC(=O)[C@H](CC(=O)N)NC(=O)CNC(=O)CNC(=O)CNC(=O)CNC(=O)[C@@H]4CCCN4C(=O)[C@H](CCCNC(=N)N)NC(=O)[C@@H]5CCCN5C(=O)[C@@H](CC6=CC=CC=C6)N,-8.11643,0,28,35,67,Bivalirudin,4,<rdkit.Chem.rdchem.Mol object at 0x000001457E4FFE40>,2178.985813,848,3,3,3,6,901.57,293,155,98,33,24,0
118253852,C23H24N4O4,420.5,CN1C2=C(C=CC(=C2)C3=CC=C(C=C3)CC(C#N)NC(=O)C4CNCCCO4)OC1=O,CN1C2=C(C=CC(=C2)C3=CC=C(C=C3)C[C@@H](C#N)NC(=O)[C@@H]4CNCCCO4)OC1=O,1.72788,0,2,6,5,Brensocatib,3,<rdkit.Chem.rdchem.Mol object at 0x000001457E4FFE90>,420.1797552,160,3,1,1,4,109.29,55,31,23,4,4,0
57030,C23H15F2NO2,375.4,CC1=C(C2=C(C=CC(=C2)F)N=C1C3=CC=C(C=C3)C4=CC=CC=C4F)C(=O)O,CC1=C(C2=C(C=CC(=C2)F)N=C1C3=CC=C(C=C3)C4=CC=CC=C4F)C(=O)O,5.85362,0,1,5,3,Brequinar,2,<rdkit.Chem.rdchem.Mol object at 0x000001457E4FFEE0>,375.1070852,138,4,0,0,4,50.19,43,28,23,2,1,0
2442,C14H20Br2N2,376.13,CN(CC1=C(C(=CC(=C1)Br)Br)N)C2CCCCC2,CN(CC1=C(C(=CC(=C1)Br)Br)N)C2CCCCC2,4.5583,0,1,2,3,Bromhexine,4,<rdkit.Chem.rdchem.Mol object at 0x000001457E4FFF30>,373.9993228,100,1,1,1,2,29.26,38,18,14,0,2,0
5281004,C25H34O6,430.5,CCCC1OC2CC3C4CCC5=CC(=O)C=CC5(C4C(CC3(C2(O1)C(=O)CO)C)O)C,CCCC1O[C@@H]2C[C@H]3[C@@H]4CCC5=CC(=O)C=C[C@@]5([C@H]4[C@H](C[C@@]3([C@@]2(O1)C(=O)CO)C)O)C,2.7168,0,2,6,4,Budesonide,3,<rdkit.Chem.rdchem.Mol object at 0x000001457E4FFF80>,430.2355388,170,0,4,5,5,93.06,65,31,25,6,0,0
5283731,C27H44O2,400.6,CC(CCCC(C)(C)O)C1CCC2C1(CCCC2=CC=C3CC(CCC3=C)O)C,C[C@H](CCCC(C)(C)O)[C@H]1CC[C@@H]\2[C@@]1(CCC/C2=C\C=C/3\C[C@H](CCC3=C)O)C,6.7339,0,2,2,6,Calcifediol,3,<rdkit.Chem.rdchem.Mol object at 0x000001457EB551C0>,400.3341306,164,0,3,3,3,40.46,73,29,27,2,0,0
2536,C20H22N4O5,398.4,CN(C)C(=O)COC(=O)CC1=CC=C(C=C1)OC(=O)C2=CC=C(C=C2)N=C(N)N,CN(C)C(=O)COC(=O)CC1=CC=C(C=C1)OC(=O)C2=CC=C(C=C2)N=C(N)N,0.9846,0,2,6,9,Camostat,3,<rdkit.Chem.rdchem.Mol object at 0x000001457EB55210>,398.1590198,152,2,0,0,2,137.31,51,29,20,5,4,0
2537,C10H16O,152.23,CC1(C2CCC1(C(=O)C2)C)C,CC1(C2CCC1(C(=O)C2)C)C,2.4017,0,0,1,0,Camphor,2,<rdkit.Chem.rdchem.Mol object at 0x000001457EB55080>,152.1201151,62,0,2,2,2,17.07,27,11,10,1,0,0
2541,C24H20N6O3,440.5,CCOC1=NC2=CC=CC(=C2N1CC3=CC=C(C=C3)C4=CC=CC=C4C5=NNN=N5)C(=O)O,CCOC1=NC2=CC=CC(=C2N1CC3=CC=C(C=C3)C4=CC=CC=C4C5=NNN=N5)C(=O)O,4.0286,0,2,7,7,Candesartan,3,<rdkit.Chem.rdchem.Mol object at 0x000001457EB550D0>,440.1596885,164,5,0,0,5,118.81,53,33,24,3,6,0
2540,C33H34N6O6,610.7,CCOC1=NC2=CC=CC(=C2N1CC3=CC=C(C=C3)C4=CC=CC=C4C5=NNN=N5)C(=O)OC(C)OC(=O)OC6CCCCC6,CCOC1=NC2=CC=CC(=C2N1CC3=CC=C(C=C3)C4=CC=CC=C4C5=NNN=N5)C(=O)OC(C)OC(=O)OC6CCCCC6,6.3191,0,1,10,13,Candesartan%20cilexetil,2,<rdkit.Chem.rdchem.Mol object at 0x000001457EB55120>,610.2539828,232,5,1,1,6,143.34,79,45,33,6,6,0
644019,C21H30O2,314.5,CCCCCC1=CC(=C(C(=C1)O)C2C=C(CCC2C(=C)C)C)O,CCCCCC1=CC(=C(C(=C1)O)[C@@H]2C=C(CC[C@H]2C(=C)C)C)O,5.8465,0,2,2,6,Cannabidiol,3,<rdkit.Chem.rdchem.Mol object at 0x000001457EB55170>,314.2245802,126,1,0,1,2,40.46,53,23,21,2,0,0
44093,C9H15NO3S,217.29,CC(CS)C(=O)N1CCCC1C(=O)O,C[C@H](CS)C(=O)N1CCC[C@H]1C(=O)O,0.6279,0,2,4,3,Captopril,3,<rdkit.Chem.rdchem.Mol object at 0x000001457EB55030>,217.0772643,80,0,1,1,1,57.61,29,14,9,3,1,0
9852981,C22H21N8O8PS4,684.7,CCON=C(C1=NSC(=N1)NP(=O)(O)O)C(=O)NC2C3N(C2=O)C(=C(CS3)SC4=NC(=CS4)C5=CC=[N+](C=C5)C)C(=O)[O-],CCO/N=C(/C1=NSC(=N1)NP(=O)(O)O)\C(=O)N[C@H]2[C@@H]3N(C2=O)C(=C(CS3)SC4=NC(=CS4)C5=CC=[N+](C=C5)C)C(=O)[O-],-0.115,0,4,17,10,Ceftaroline%20fosamil,4,<rdkit.Chem.rdchem.Mol object at 0x000001457EB55260>,684.0102803,226,3,1,2,5,223.24,64,43,22,8,8,0
5479530,C18H18N8O7S3,554.6,CN1C(=NC(=O)C(=O)N1)SCC2=C(N3C(C(C3=O)NC(=O)C(=NOC)C4=CSC(=N4)N)SC2)C(=O)O,CN1C(=NC(=O)C(=O)N1)SCC2=C(N3[C@@H]([C@@H](C3=O)NC(=O)/C(=N\OC)/C4=CSC(=N4)N)SC2)C(=O)O,-1.6113,0,4,13,8,Ceftriaxone,4,<rdkit.Chem.rdchem.Mol object at 0x000001457EB552B0>,554.0460579,190,2,1,2,4,214.96,54,36,18,7,8,0
2662,C17H14F3N3O2S,381.4,CC1=CC=C(C=C1)C2=CC(=NN2C3=CC=C(C=C3)S(=O)(=O)N)C(F)(F)F,CC1=CC=C(C=C1)C2=CC(=NN2C3=CC=C(C=C3)S(=O)(=O)N)C(F)(F)F,3.51392,0,1,7,3,Celecoxib,0,<rdkit.Chem.rdchem.Mol object at 0x000001457EB55300>,381.0758823,136,3,0,0,3,77.98,40,26,17,2,3,0
177972,C26H14F2N2O4,456.4,C1=CC=C2C(=C1)C(=O)C3=CC=CC=C3C2=O.C1=CC(=C2C(=C1)OC(O2)(F)F)C3=CNC=C3C#N,C1=CC=C2C(=C1)C(=O)C3=CC=CC=C3C2=O.C1=CC(=C2C(=C1)OC(O2)(F)F)C3=CNC=C3C#N,5.33688,0,1,7,1,Celery,3,<rdkit.Chem.rdchem.Mol object at 0x000001457EB55350>,456.0921634,166,4,0,2,6,92.18,48,34,26,4,2,0
11285792,C41H52N4O4S,696.9,CCCCOCCOC1=CC=C(C=C1)C2=CC3=C(C=C2)N(CCCC(=C3)C(=O)NC4=CC=C(C=C4)S(=O)CC5=CN=CN5CCC)CC(C)C,CCCCOCCOC1=CC=C(C=C1)C2=CC/3=C(C=C2)N(CCC/C(=C3)/C(=O)NC4=CC=C(C=C4)[S@@](=O)CC5=CN=CN5CCC)CC(C)C,8.7417,0,1,7,17,Cenicriviroc,2,<rdkit.Chem.rdchem.Mol object at 0x000001457EB553A0>,696.3709271,266,4,0,1,5,85.69,102,50,41,4,4,0
1030,C3H8O2,76.09,CC(CO)O,CC(CO)O,-0.6405,0,2,2,1,Centella%20asiatica,3,<rdkit.Chem.rdchem.Mol object at 0x000001457EB553F0>,76.0524295,32,0,0,0,0,40.46,13,5,3,2,0,0
86278337,C9H19NO4S,237.32,COCCOCCCNC(CS)C(=O)O,COCCOCCCN[C@@H](CS)C(=O)O,0.0121,0,3,6,10,Cepeginterferon%20alfa-2B,2,<rdkit.Chem.rdchem.Mol object at 0x000001457EB55440>,237.1034791,90,0,0,0,0,67.79,34,15,9,4,1,0
5280443,C15H10O5,270.24,C1=CC(=CC=C1C2=CC(=O)C3=C(C=C(C=C3O2)O)O)O,C1=CC(=CC=C1C2=CC(=O)C3=C(C=C(C=C3O2)O)O)O,2.5768,0,3,5,1,Chamomile,3,<rdkit.Chem.rdchem.Mol object at 0x000001457EB55490>,270.0528234,100,3,0,0,3,90.9,30,20,15,5,0,0
9552079,C22H30Cl2N10,505.4,C1=CC(=CC=C1NC(=NC(=NCCCCCCN=C(N)N=C(N)NC2=CC=C(C=C2)Cl)N)N)Cl,C1=CC(=CC=C1N/C(=N/C(=NCCCCCCN=C(/N=C(/NC2=CC=C(C=C2)Cl)\N)N)N)/N)Cl,3.3366,0,6,2,13,Chlorhexidine,2,<rdkit.Chem.rdchem.Mol object at 0x000001457EB554E0>,504.2031963,182,2,0,0,2,177.58,64,34,22,0,10,2
2719,C18H26ClN3,319.9,CCN(CC)CCCC(C)NC1=C2C=CC(=CC2=NC=C1)Cl,CCN(CC)CCCC(C)NC1=C2C=CC(=CC2=NC=C1)Cl,4.8106,0,1,3,8,Chloroquine,3,<rdkit.Chem.rdchem.Mol object at 0x000001457EB55530>,319.1815255,120,2,0,0,2,28.16,48,22,18,0,3,1
2726,C17H19ClN2S,318.9,CN(C)CCCN1C2=CC=CC=C2SC3=C1C=C(C=C3)Cl,CN(C)CCCN1C2=CC=CC=C2SC3=C1C=C(C=C3)Cl,4.8944,0,0,3,4,Chlorpromazine,3,<rdkit.Chem.rdchem.Mol object at 0x000001457EB55580>,318.0957473,110,2,0,1,3,6.48,40,21,17,0,2,1
5280795,C27H44O,384.6,CC(C)CCCC(C)C1CCC2C1(CCCC2=CC=C3CC(CCC3=C)O)C,C[C@H](CCCC(C)C)[C@H]1CC[C@@H]\2[C@@]1(CCC/C2=C\C=C/3\C[C@H](CCC3=C)O)C,7.619,0,1,1,6,Cholecalciferol,4,<rdkit.Chem.rdchem.Mol object at 0x000001457EB555D0>,384.339216,158,0,3,3,3,20.23,72,28,27,1,0,0
6918155,C32H44O7,540.7,CC(C)C(=O)OCC(=O)C12C(CC3C1(CC(C4C3CCC5=CC(=O)C=CC45C)O)C)OC(O2)C6CCCCC6,CC(C)C(=O)OCC(=O)[C@@]12[C@@H](C[C@@H]3[C@@]1(C[C@@H]([C@H]4[C@H]3CCC5=CC(=O)C=C[C@]45C)O)C)O[C@H](O2)C6CCCCC6,4.7039,0,1,7,6,Ciclesonide,3,<rdkit.Chem.rdchem.Mol object at 0x000001457EB55620>,540.3087037,214,0,5,6,6,99.13,83,39,32,7,0,0
84029,C38H69NO13,748,CCC1C(C(C(C(=O)C(CC(C(C(C(C(C(=O)O1)C)OC2CC(C(C(O2)C)O)(C)OC)C)OC3C(C(CC(O3)C)N(C)C)O)(C)OC)C)C)O)(C)O,CC[C@@H]1[C@@]([C@@H]([C@H](C(=O)[C@@H](C[C@@]([C@@H]([C@H]([C@@H]([C@H](C(=O)O1)C)O[C@H]2C[C@@]([C@H]([C@@H](O2)C)O)(C)OC)C)O[C@H]3[C@@H]([C@H](C[C@H](O3)C)N(C)C)O)(C)OC)C)C)O)(C)O,2.4397,0,4,14,8,Clarithromycin,4,<rdkit.Chem.rdchem.Mol object at 0x000001457EB55670>,747.4768913,304,0,3,3,3,182.91,121,52,38,13,1,0
5280980,C8H9NO5,199.16,C1C2N(C1=O)C(C(=CCO)O2)C(=O)O,C1[C@@H]2N(C1=O)[C@H](/C(=C/CO)/O2)C(=O)O,-1.0956,0,2,5,2,Clavulanic%20acid,3,<rdkit.Chem.rdchem.Mol object at 0x000001457EB556C0>,199.0480724,76,0,2,2,2,87.07,23,14,8,5,1,0
73115,C10H13FN2O5,260.22,CC1=CN(C(=O)NC1=O)C2C(C(C(O2)CO)O)F,CC1=CN(C(=O)NC1=O)[C@@H]2[C@@H]([C@H]([C@@H](O2)CO)O)F,-1.56628,0,3,6,2,Clevudine,2,<rdkit.Chem.rdchem.Mol object at 0x000001457EB55710>,260.0808497,100,1,1,1,2,104.55,31,18,10,5,2,0
446598,C18H33ClN2O5S,425,CCCC1CC(N(C1)C)C(=O)NC(C2C(C(C(C(O2)SC)O)O)O)C(C)Cl,CCC[C@@H]1C[C@H](N(C1)C)C(=O)N[C@@H]([C@@H]2[C@@H]([C@@H]([C@H]([C@H](O2)SC)O)O)O)[C@H](C)Cl,0.3895,0,4,7,7,Clindamycin,3,<rdkit.Chem.rdchem.Mol object at 0x000001457EB55760>,424.1798708,158,0,2,2,2,102.26,60,27,18,5,2,1
2794,C27H22Cl2N4,473.4,CC(C)N=C1C=C2C(=NC3=CC=CC=C3N2C4=CC=C(C=C4)Cl)C=C1NC5=CC=C(C=C5)Cl,CC(C)N=C1C=C2C(=NC3=CC=CC=C3N2C4=CC=C(C=C4)Cl)C=C1NC5=CC=C(C=C5)Cl,7.4898,0,1,4,4,Clofazimine,2,<rdkit.Chem.rdchem.Mol object at 0x000001457EB557B0>,472.1221521,164,3,0,2,5,42.21,55,33,27,0,4,2
60606,C16H16ClNO2S,321.8,COC(=O)C(C1=CC=CC=C1Cl)N2CCC3=C(C2)C=CS3,COC(=O)[C@H](C1=CC=CC=C1Cl)N2CCC3=C(C2)C=CS3,3.6739,0,0,4,4,Clopidogrel,4,<rdkit.Chem.rdchem.Mol object at 0x000001457EB55800>,321.0590274,110,2,0,1,3,29.54,37,21,16,2,1,1
25151504,C40H53N7O5S2,776,CC(C)C1=NC(=CS1)CN(C)C(=O)NC(CCN2CCOCC2)C(=O)NC(CCC(CC3=CC=CC=C3)NC(=O)OCC4=CN=CS4)CC5=CC=CC=C5,CC(C)C1=NC(=CS1)CN(C)C(=O)N[C@@H](CCN2CCOCC2)C(=O)N[C@H](CC[C@H](CC3=CC=CC=C3)NC(=O)OCC4=CN=CS4)CC5=CC=CC=C5,6.0007,0,3,10,20,Cobicistat,3,<rdkit.Chem.rdchem.Mol object at 0x000001457EB55850>,775.3549598,290,4,1,1,5,138.02,107,54,40,5,7,0
6167,C22H25NO6,399.4,CC(=O)NC1CCC2=CC(=C(C(=C2C3=CC=C(C(=O)C=C13)OC)OC)OC)OC,CC(=O)N[C@H]1CCC2=CC(=C(C(=C2C3=CC=C(C(=O)C=C13)OC)OC)OC)OC,2.8716,0,1,6,5,Colchicine,3,<rdkit.Chem.rdchem.Mol object at 0x000001457EB558A0>,399.1681875,154,2,0,1,3,83.09,54,29,22,6,1,0
586,C4H9N3O2,131.13,CN(CC(=O)O)C(=N)N,CN(CC(=O)O)C(=N)N,-1.10373,0,3,3,3,Creatine,0,<rdkit.Chem.rdchem.Mol object at 0x000001457EB558F0>,131.0694765,52,0,0,0,0,90.41,18,9,4,2,3,0
5281233,C44H64O24,977,CC(=CC=CC=C(C)C=CC=C(C)C(=O)OC1C(C(C(C(O1)COC2C(C(C(C(O2)CO)O)O)O)O)O)O)C=CC=C(C)C(=O)OC3C(C(C(C(O3)COC4C(C(C(C(O4)CO)O)O)O)O)O)O,C/C(=C\C=C\C=C(\C=C\C=C(\C(=O)O[C@@H]1O[C@@H]([C@H]([C@@H]([C@H]1O)O)O)CO[C@@H]2O[C@@H]([C@H]([C@@H]([C@H]2O)O)O)CO)/C)/C)/C=C/C=C(/C(=O)O[C@@H]3O[C@@H]([C@H]([C@@H]([C@H]3O)O)O)CO[C@@H]4O[C@@H]([C@H]([C@@H]([C@H]4O)O)O)CO)\C,-5.2252,0,14,24,20,Crocin,3,<rdkit.Chem.rdchem.Mol object at 0x000001457EB55940>,976.3787529,384,0,4,4,4,391.2,132,68,44,24,0,0
969516,C21H20O6,368.4,COC1=C(C=CC(=C1)C=CC(=O)CC(=O)C=CC2=CC(=C(C=C2)O)OC)O,COC1=C(C=CC(=C1)/C=C/C(=O)CC(=O)/C=C/C2=CC(=C(C=C2)O)OC)O,3.3699,0,2,6,8,Curcumin,3,<rdkit.Chem.rdchem.Mol object at 0x000001457EB55990>,368.1259884,140,2,0,0,2,93.06,47,27,21,6,0,0
5311498,C63H88CoN14O14P,1355.4,CC1=CC2=C(C=C1C)N(C=N2)C3C(C(C(O3)CO)OP(=O)([O-])OC(C)CNC(=O)CCC4(C(C5C6(C(C(C(=C(C7=NC(=CC8=NC(=C(C4=N5)C)C(C8(C)C)CCC(=O)N)C(C7(C)CC(=O)N)CCC(=O)N)C)[N-]6)CCC(=O)N)(C)CC(=O)N)C)CC(=O)N)C)O.[C-]#N.[Co+3],CC1=CC2=C(C=C1C)N(C=N2)[C@@H]3[C@@H]([C@@H]([C@H](O3)CO)OP(=O)([O-])O[C@H](C)CNC(=O)CC[C@@]4([C@H]([C@@H]5[C@]6([C@@]([C@@H](/C(=C(/C7=N/C(=C\C8=N/C(=C(\C4=N5)/C)/[C@H](C8(C)C)CCC(=O)N)/[C@H]([C@]7(C)CC(=O)N)CCC(=O)N)\C)/[N-]6)CCC(=O)N)(C)CC(=O)N)C)CC(=O)N)C)O.[C-]#N.[Co+3],3.40921,0,9,21,26,Cyanocobalamin,3,<rdkit.Chem.rdchem.Mol object at 0x000001457EB559E0>,1354.5674,508,2,2,6,8,488.71,181,93,63,14,14,0
5284373,C62H111N11O12,1202.6,CCC1C(=O)N(CC(=O)N(C(C(=O)NC(C(=O)N(C(C(=O)NC(C(=O)NC(C(=O)N(C(C(=O)N(C(C(=O)N(C(C(=O)N(C(C(=O)N1)C(C(C)CC=CC)O)C)C(C)C)C)CC(C)C)C)CC(C)C)C)C)C)CC(C)C)C)C(C)C)CC(C)C)C)C,CC[C@H]1C(=O)N(CC(=O)N([C@H](C(=O)N[C@H](C(=O)N([C@H](C(=O)N[C@H](C(=O)N[C@@H](C(=O)N([C@H](C(=O)N([C@H](C(=O)N([C@H](C(=O)N([C@H](C(=O)N1)[C@@H]([C@H](C)C/C=C/C)O)C)C(C)C)C)CC(C)C)C)CC(C)C)C)C)C)CC(C)C)C)C(C)C)CC(C)C)C)C,3.269,0,5,12,15,Cyclosporine,4,<rdkit.Chem.rdchem.Mol object at 0x000001457EB55A30>,1201.841368,486,0,1,1,1,278.8,196,85,62,12,11,0
5862,C3H7NO2S,121.16,C(C(C(=O)O)N)S,C([C@@H](C(=O)O)N)S,-0.6719,0,3,4,2,Cysteine,3,<rdkit.Chem.rdchem.Mol object at 0x000001457EB55A80>,121.0197495,42,0,0,0,0,63.32,14,7,3,2,1,0
25154714,C40H50N8O6,738.9,CC(C)C(C(=O)N1CCCC1C2=NC=C(N2)C3=CC=C(C=C3)C4=CC=C(C=C4)C5=CN=C(N5)C6CCCN6C(=O)C(C(C)C)NC(=O)OC)NC(=O)OC,CC(C)[C@@H](C(=O)N1CCC[C@H]1C2=NC=C(N2)C3=CC=C(C=C3)C4=CC=C(C=C4)C5=CN=C(N5)[C@@H]6CCCN6C(=O)[C@H](C(C)C)NC(=O)OC)NC(=O)OC,6.222,0,4,8,13,Daclatasvir,3,<rdkit.Chem.rdchem.Mol object at 0x000001457EB55AD0>,738.3853313,286,4,2,2,6,174.64,104,54,40,6,8,0
11977753,C30H23N5O,469.5,CC(C)(C#N)C1=CC=C(C=C1)N2C3=C4C=C(C=CC4=NC=C3N(C2=O)C)C5=CC6=CC=CC=C6N=C5,CC(C)(C#N)C1=CC=C(C=C1)N2C3=C4C=C(C=CC4=NC=C3N(C2=O)C)C5=CC6=CC=CC=C6N=C5,5.89378,0,0,4,3,Dactolisib,3,<rdkit.Chem.rdchem.Mol object at 0x000001457EB55B20>,469.1902604,174,6,0,0,6,76.5,59,36,30,1,5,0
11285588,C35H46FN5O9S,731.8,CC(C)(C)OC(=O)NC1CCCCCC=CC2CC2(NC(=O)C3CC(CN3C1=O)OC(=O)N4CC5=C(C4)C(=CC=C5)F)C(=O)NS(=O)(=O)C6CC6,CC(C)(C)OC(=O)N[C@H]1CCCCC/C=C\[C@@H]2C[C@]2(NC(=O)[C@@H]3C[C@H](CN3C1=O)OC(=O)N4CC5=C(C4)C(=CC=C5)F)C(=O)NS(=O)(=O)C6CC6,3.1443,0,3,10,8,Danoprevir,4,<rdkit.Chem.rdchem.Mol object at 0x000001457EB55B70>,731.3000273,278,1,3,5,6,180.52,97,51,35,9,5,0
9887712,C21H25ClO6,408.9,CCOC1=CC=C(C=C1)CC2=C(C=CC(=C2)C3C(C(C(C(O3)CO)O)O)O)Cl,CCOC1=CC=C(C=C1)CC2=C(C=CC(=C2)[C@H]3[C@@H]([C@H]([C@@H]([C@H](O3)CO)O)O)O)Cl,1.8444,0,4,6,6,Dapagliflozin,3,<rdkit.Chem.rdchem.Mol object at 0x000001457EB55BC0>,408.1339662,152,2,1,1,3,99.38,53,28,21,6,0,1
213039,C27H37N3O7S,547.7,CC(C)CN(CC(C(CC1=CC=CC=C1)NC(=O)OC2COC3C2CCO3)O)S(=O)(=O)C4=CC=C(C=C4)N,CC(C)CN(C[C@H]([C@H](CC1=CC=CC=C1)NC(=O)O[C@H]2CO[C@@H]3[C@H]2CCO3)O)S(=O)(=O)C4=CC=C(C=C4)N,2.3753,0,3,9,12,Darunavir,4,<rdkit.Chem.rdchem.Mol object at 0x000001457EB55C10>,547.2352215,208,2,2,2,4,140.42,75,38,27,7,3,0
451668,C8H12N4O4,228.21,C1C(C(OC1N2C=NC(=NC2=O)N)CO)O,C1[C@@H]([C@H](O[C@H]1N2C=NC(=NC2=O)N)CO)O,-2.1388,0,3,4,2,Decitabine,2,<rdkit.Chem.rdchem.Mol object at 0x000001457EB55C60>,228.0858549,88,1,1,1,2,123.49,28,16,8,4,4,0
2972,C7H9NO2,139.15,CC1=C(C(=O)C=CN1C)O,CC1=C(C(=O)C=CN1C)O,0.39932,0,1,3,0,Deferiprone,3,<rdkit.Chem.rdchem.Mol object at 0x000001457EB55CB0>,139.0633285,54,1,0,0,1,42.23,19,10,7,2,1,0
2973,C25H48N6O8,560.7,CC(=O)N(CCCCCNC(=O)CCC(=O)N(CCCCCNC(=O)CCC(=O)N(CCCCCN)O)O)O,CC(=O)N(CCCCCNC(=O)CCC(=O)N(CCCCCNC(=O)CCC(=O)N(CCCCCN)O)O)O,0.9221,0,6,9,23,Deferoxamine,2,<rdkit.Chem.rdchem.Mol object at 0x000001457EB55D00>,560.3533625,226,0,0,0,0,205.84,87,39,25,8,6,0
135565962,C20H21N4O6P,444.4,CC(C)C1=C(C=C(C(=C1)C2=NNC(=O)N2C3=CC4=C(C=C3)N(C=C4)C)O)OP(=O)(O)O,CC(C)C1=C(C=C(C(=C1)C2=NNC(=O)N2C3=CC4=C(C=C3)N(C=C4)C)O)OP(=O)(O)O,3.0198,0,4,7,5,Defibrotide,2,<rdkit.Chem.rdchem.Mol object at 0x000001457EB55D50>,444.119871,162,4,0,0,4,142.6,52,31,20,6,4,0
16136245,C82H103ClN18O16,1632.3,CC(C)CC(C(=O)NC(CCCCNC(C)C)C(=O)N1CCCC1C(=O)NC(C)C(=O)N)NC(=O)C(CC2=CC=C(C=C2)NC(=O)N)NC(=O)C(CC3=CC=C(C=C3)NC(=O)C4CC(=O)NC(=O)N4)NC(=O)C(CO)NC(=O)C(CC5=CN=CC=C5)NC(=O)C(CC6=CC=C(C=C6)Cl)NC(=O)C(CC7=CC8=CC=CC=C8C=C7)NC(=O)C,C[C@H](C(=O)N)NC(=O)[C@@H]1CCCN1C(=O)[C@H](CCCCNC(C)C)NC(=O)[C@H](CC(C)C)NC(=O)[C@@H](CC2=CC=C(C=C2)NC(=O)N)NC(=O)[C@H](CC3=CC=C(C=C3)NC(=O)[C@@H]4CC(=O)NC(=O)N4)NC(=O)[C@H](CO)NC(=O)[C@@H](CC5=CN=CC=C5)NC(=O)[C@@H](CC6=CC=C(C=C6)Cl)NC(=O)[C@@H](CC7=CC8=CC=CC=C8C=C7)NC(=O)C,1.5147,0,17,18,41,Degarelix,2,<rdkit.Chem.rdchem.Mol object at 0x000001457EB55DA0>,1630.748797,624,6,2,2,8,512.87,220,117,82,16,18,1
5743,C22H29FO5,392.5,CC1CC2C3CCC4=CC(=O)C=CC4(C3(C(CC2(C1(C(=O)CO)O)C)O)F)C,C[C@@H]1C[C@H]2[C@@H]3CCC4=CC(=O)C=C[C@@]4([C@]3([C@H](C[C@@]2([C@]1(C(=O)CO)O)C)O)F)C,1.8957,0,3,6,2,Dexamethasone,3,<rdkit.Chem.rdchem.Mol object at 0x000001457EB55DF0>,392.1999022,154,0,3,4,4,94.83,57,28,22,5,0,0
5311068,C13H16N2,200.28,CC1=C(C(=CC=C1)C(C)C2=CN=CN2)C,CC1=C(C(=CC=C1)[C@H](C)C2=CN=CN2)C,3.17834,0,1,1,2,Dexmedetomidine,4,<rdkit.Chem.rdchem.Mol object at 0x000001457EB55E40>,200.1313485,78,2,0,0,2,28.68,31,15,13,0,2,0
5793,C6H12O6,180.16,C(C1C(C(C(C(O1)O)O)O)O)O,C([C@@H]1[C@H]([C@@H]([C@H](C(O1)O)O)O)O)O,-3.2214,0,5,6,1,D-glucose,4,<rdkit.Chem.rdchem.Mol object at 0x000001457EB55E90>,180.0633881,72,0,1,1,1,110.38,24,12,6,6,0,0
39186,C22H26N2O4S,414.5,CC(=O)OC1C(SC2=CC=CC=C2N(C1=O)CCN(C)C)C3=CC=C(C=C3)OC,CC(=O)O[C@@H]1[C@@H](SC2=CC=CC=C2N(C1=O)CCN(C)C)C3=CC=C(C=C3)OC,3.3685,0,0,6,7,Diltiazem,3,<rdkit.Chem.rdchem.Mol object at 0x000001457EB55EE0>,414.1613283,154,2,0,1,3,59.08,55,29,22,4,2,0
5281613,C28H32O15,608.5,CC1C(C(C(C(O1)OCC2C(C(C(C(O2)OC3=CC(=C4C(=C3)OC(=CC4=O)C5=CC(=C(C=C5)OC)O)O)O)O)O)O)O)O,C[C@H]1[C@@H]([C@H]([C@H]([C@@H](O1)OC[C@@H]2[C@H]([C@@H]([C@H]([C@@H](O2)OC3=CC(=C4C(=C3)OC(=CC4=O)C5=CC(=C(C=C5)OC)O)O)O)O)O)O)O)O,-1.0897,0,8,15,7,Diosmin,1,<rdkit.Chem.rdchem.Mol object at 0x000001457EB55F30>,608.1741203,234,3,2,2,5,238.2,75,43,28,15,0,0
3108,C24H40N8O4,504.6,C1CCN(CC1)C2=NC(=NC3=C2N=C(N=C3N4CCCCC4)N(CCO)CCO)N(CCO)CCO,C1CCN(CC1)C2=NC(=NC3=C2N=C(N=C3N4CCCCC4)N(CCO)CCO)N(CCO)CCO,-0.0176,0,4,12,12,Dipyridamole,4,<rdkit.Chem.rdchem.Mol object at 0x000001457EB55F80>,504.3172518,200,2,2,2,4,145.44,76,36,24,4,8,0
3117,C10H20N2S4,296.5,CCN(CC)C(=S)SSC(=S)N(CC)CC,CCN(CC)C(=S)SSC(=S)N(CC)CC,3.6212,0,0,4,7,Disulfiram,2,<rdkit.Chem.rdchem.Mol object at 0x000001457EB4E030>,296.0509326,94,0,0,0,0,6.48,36,16,10,0,2,0
44400135,C65H87GaN14O19S2,1502.3,CC(C1C(=O)NC(CSSCC(C(=O)NC(C(=O)NC(C(=O)NC(C(=O)N1)CCCCN)CC2=CNC3=CC=CC=C32)CC4=CC=C(C=C4)O)NC(=O)C(CC5=CC=CC=C5)NC(=O)CN6CCN(CCN(CCN(CC6)CC(=O)[O-])CC(=O)[O-])CC(=O)[O-])C(=O)NC(C(C)O)C(=O)O)O.[Ga+3],C[C@H]([C@H]1C(=O)N[C@@H](CSSC[C@@H](C(=O)N[C@H](C(=O)N[C@@H](C(=O)N[C@H](C(=O)N1)CCCCN)CC2=CNC3=CC=CC=C32)CC4=CC=C(C=C4)O)NC(=O)[C@@H](CC5=CC=CC=C5)NC(=O)CN6CCN(CCN(CCN(CC6)CC(=O)[O-])CC(=O)[O-])CC(=O)[O-])C(=O)N[C@@H]([C@@H](C)O)C(=O)O)O.[Ga+3],-7.7595,0,14,26,23,Dotatate%20gallium%20Ga-68,2,<rdkit.Chem.rdchem.Mol object at 0x000001457EB4E080>,1500.496907,546,4,2,2,6,505.95,188,101,65,19,14,0
54671203,C22H24N2O8,444.4,CC1C2C(C3C(C(=O)C(=C(C3(C(=O)C2=C(C4=C1C=CC=C4O)O)O)O)C(=O)N)N(C)C)O,C[C@@H]1[C@H]2[C@@H]([C@H]3[C@@H](C(=O)C(=C([C@]3(C(=O)C2=C(C4=C1C=CC=C4O)O)O)O)C(=O)N)N(C)C)O,-0.5042,0,6,9,2,Doxycycline,3,<rdkit.Chem.rdchem.Mol object at 0x000001457EB4E0D0>,444.1532657,170,1,1,3,4,181.62,56,32,22,8,2,0
50905713,C22H17ClN6O,416.9,CC(C1=CC2=C(C(=CC=C2)Cl)C(=O)N1C3=CC=CC=C3)NC4=NC=NC5=C4NC=N5,C[C@@H](C1=CC2=C(C(=CC=C2)Cl)C(=O)N1C3=CC=CC=C3)NC4=NC=NC5=C4NC=N5,4.4835,0,2,5,4,Duvelisib,2,<rdkit.Chem.rdchem.Mol object at 0x000001457EB4E120>,416.1152368,148,5,0,0,5,88.49,47,30,22,1,6,1
3191,C32H39NO2,469.7,CC(C)(C)C1=CC=C(C=C1)C(=O)CCCN2CCC(CC2)OC(C3=CC=CC=C3)C4=CC=CC=C4,CC(C)(C)C1=CC=C(C=C1)C(=O)CCCN2CCC(CC2)OC(C3=CC=CC=C3)C4=CC=CC=C4,7.2176,0,0,3,10,Ebastine,4,<rdkit.Chem.rdchem.Mol object at 0x000001457EB4E170>,469.2980795,184,3,1,1,4,29.54,74,35,32,2,1,0
3194,C13H9NOSe,274.2,C1=CC=C(C=C1)N2C(=O)C3=CC=CC=C3[Se]2,C1=CC=C(C=C1)N2C(=O)C3=CC=CC=C3[Se]2,2.0477,0,0,1,1,Ebselen,2,<rdkit.Chem.rdchem.Mol object at 0x000001457EB4E1C0>,274.9849352,78,3,0,0,3,22,25,16,13,1,1,0
4021,C10H10N2O,174.2,CC1=NN(C(=O)C1)C2=CC=CC=C2,CC1=NN(C(=O)C1)C2=CC=CC=C2,1.7992,0,0,2,1,Edaravone,3,<rdkit.Chem.rdchem.Mol object at 0x000001457EB4E210>,174.0793129,66,1,0,1,2,32.67,23,13,10,1,2,0
145996610,C13H19N3O7,329.31,CC(C)C(=O)OCC1C(C(C(O1)N2C=CC(=NC2=O)NO)O)O,CC(C)C(=O)OC[C@@H]1[C@H]([C@H]([C@@H](O1)N2C=CC(=NC2=O)NO)O)O,-1.1372,0,4,7,6,EIDD-2801,2,<rdkit.Chem.rdchem.Mol object at 0x000001457EB4E260>,329.1222999,128,1,1,1,2,143.14,42,23,13,7,3,0
60877,C8H10FN3O3S,247.25,C1C(OC(S1)CO)N2C=C(C(=NC2=O)N)F,C1[C@H](O[C@H](S1)CO)N2C=C(C(=NC2=O)N)F,-0.455,0,2,5,2,Emtricitabine,3,<rdkit.Chem.rdchem.Mol object at 0x000001457EB4E2B0>,247.0426904,88,1,1,1,2,90.37,26,16,8,3,3,0
5388962,C20H28N2O5,376.4,CCOC(=O)C(CCC1=CC=CC=C1)NC(C)C(=O)N2CCCC2C(=O)O,CCOC(=O)[C@H](CCC1=CC=CC=C1)N[C@@H](C)C(=O)N2CCC[C@H]2C(=O)O,1.6046,0,2,6,10,Enalapril,3,<rdkit.Chem.rdchem.Mol object at 0x000001457EB4E300>,376.199822,148,1,1,1,2,95.94,55,27,20,5,2,0
772,C26H42N2O37S5,1134.9,CC(=O)NC1C(C(C(OC1O)COS(=O)(=O)O)OC2C(C(C(C(O2)C(=O)O)OC3C(C(C(C(O3)CO)OC4C(C(C(C(O4)C(=O)O)O)O)OS(=O)(=O)O)OS(=O)(=O)O)NS(=O)(=O)O)O)OS(=O)(=O)O)O,CC(=O)NC1C(C(C(OC1O)COS(=O)(=O)O)OC2C(C(C(C(O2)C(=O)O)OC3C(C(C(C(O3)CO)OC4C(C(C(C(O4)C(=O)O)O)O)OS(=O)(=O)O)OS(=O)(=O)O)NS(=O)(=O)O)O)OS(=O)(=O)O)O,-10.7119,0,15,38,21,Enoxaparin,4,<rdkit.Chem.rdchem.Mol object at 0x000001457EB4E350>,1134.006995,408,0,4,4,4,610.49,112,70,26,37,2,0
15951529,C21H16F4N4O2S,464.4,CC1(C(=O)N(C(=S)N1C2=CC(=C(C=C2)C(=O)NC)F)C3=CC(=C(C=C3)C#N)C(F)(F)F)C,CC1(C(=O)N(C(=S)N1C2=CC(=C(C=C2)C(=O)NC)F)C3=CC(=C(C=C3)C#N)C(F)(F)F)C,3.99248,0,1,8,3,Enzalutamide,2,<rdkit.Chem.rdchem.Mol object at 0x000001457EB4E3A0>,464.0930096,166,2,1,1,3,76.44,48,32,21,2,4,0
72277,C15H14O7,306.27,C1C(C(OC2=CC(=CC(=C21)O)O)C3=CC(=C(C(=C3)O)O)O)O,C1[C@H]([C@H](OC2=CC(=CC(=C21)O)O)C3=CC(=C(C(=C3)O)O)O)O,1.2517,0,6,7,1,Epigallocatechin,3,<rdkit.Chem.rdchem.Mol object at 0x000001457EB4E3F0>,306.0739528,116,2,0,1,3,130.61,36,22,15,7,0,0
5282411,C20H32O5,352.5,CCCCCC(C=CC1C(CC2C1CC(=CCCCC(=O)O)O2)O)O,CCCCC[C@@H](/C=C/[C@H]1[C@@H](C[C@H]2[C@@H]1C/C(=C/CCCC(=O)O)/O2)O)O,3.4085,0,3,5,10,Epoprostenol,2,<rdkit.Chem.rdchem.Mol object at 0x000001457EB4E440>,352.2249741,142,0,2,2,2,86.99,57,25,20,5,0,0
5281037,C23H24N2O4S,424.5,CCCCC1=NC=C(N1CC2=CC=C(C=C2)C(=O)O)C=C(CC3=CC=CS3)C(=O)O,CCCCC1=NC=C(N1CC2=CC=C(C=C2)C(=O)O)/C=C(\CC3=CC=CS3)/C(=O)O,4.7444,0,2,6,10,Eprosartan,4,<rdkit.Chem.rdchem.Mol object at 0x000001457EB4E490>,424.1456782,156,3,0,0,3,92.42,54,30,23,4,2,0
12560,C37H67NO13,733.9,CCC1C(C(C(C(=O)C(CC(C(C(C(C(C(=O)O1)C)OC2CC(C(C(O2)C)O)(C)OC)C)OC3C(C(CC(O3)C)N(C)C)O)(C)O)C)C)O)(C)O,CC[C@@H]1[C@@]([C@@H]([C@H](C(=O)[C@@H](C[C@@]([C@@H]([C@H]([C@@H]([C@H](C(=O)O1)C)O[C@H]2C[C@@]([C@H]([C@@H](O2)C)O)(C)OC)C)O[C@H]3[C@@H]([C@H](C[C@H](O3)C)N(C)C)O)(C)O)C)C)O)(C)O,1.7856,0,5,14,7,Erythromycin,4,<rdkit.Chem.rdchem.Mol object at 0x000001457EB4E4E0>,733.4612412,298,0,3,3,3,193.91,118,51,37,13,1,0
5757,C18H24O2,272.4,CC12CCC3C(C1CCC2O)CCC4=C3C=CC(=C4)O,C[C@]12CC[C@H]3[C@H]([C@@H]1CC[C@@H]2O)CCC4=C3C=CC(=C4)O,3.6092,0,2,2,0,Estradiol,2,<rdkit.Chem.rdchem.Mol object at 0x000001457EB4E530>,272.17763,108,1,2,3,4,40.46,44,20,18,2,0,0
702,C2H6O,46.07,CCO,CCO,-0.0014,0,1,1,0,Ethanol,3,<rdkit.Chem.rdchem.Mol object at 0x000001457EB4E580>,46.04186481,20,0,0,0,0,20.23,9,3,2,1,0,0
36462,C29H32O13,588.6,CC1OCC2C(O1)C(C(C(O2)OC3C4COC(=O)C4C(C5=CC6=C(C=C35)OCO6)C7=CC(=C(C(=C7)OC)O)OC)O)O,C[C@@H]1OC[C@@H]2[C@@H](O1)[C@@H]([C@H]([C@@H](O2)O[C@H]3[C@H]4COC(=O)[C@@H]4[C@@H](C5=CC6=C(C=C35)OCO6)C7=CC(=C(C(=C7)OC)O)OC)O)O,1.3386,0,3,13,5,Etoposide,2,<rdkit.Chem.rdchem.Mol object at 0x000001457EB4E5D0>,588.1842911,226,2,3,5,7,160.83,74,42,29,13,0,0
5702160,C8H15N7O2S3,337.5,C1=C(N=C(S1)N=C(N)N)CSCCC(=NS(=O)(=O)N)N,C1=C(N=C(S1)N=C(N)N)CSCC/C(=N/S(=O)(=O)N)/N,-0.768,0,4,8,7,Famotidine,3,<rdkit.Chem.rdchem.Mol object at 0x000001457EB4E620>,337.0449357,112,1,0,0,1,175.83,35,20,8,2,7,0
492405,C5H4FN3O2,157.1,C1=C(N=C(C(=O)N1)C(=O)N)F,C1=C(N=C(C(=O)N1)C(=O)N)F,-0.9921,0,2,4,1,Favipiravir,3,<rdkit.Chem.rdchem.Mol object at 0x000001457EB4E670>,157.0287546,58,1,0,0,1,88.84,15,11,5,2,3,0
134018,C16H16N2O3S,316.4,CC1=C(SC(=N1)C2=CC(=C(C=C2)OCC(C)C)C#N)C(=O)O,CC1=C(SC(=N1)C2=CC(=C(C=C2)OCC(C)C)C#N)C(=O)O,3.7232,0,1,6,5,Febuxostat,3,<rdkit.Chem.rdchem.Mol object at 0x000001457EB4E6C0>,316.0881634,114,2,0,0,2,83.21,38,22,16,3,2,0
6850758,C56H94O5,847.3,CCCCCCCCCCCC=CCCCCC(=O)O.CC=CC1=CC=C(C=C1)OC.CC1=C(C=C2CCC(OC2=C1C)(C)CCCC(C)CCCC(C)CCCC(C)C)O,CCCCCCCCCCC/C=C/CCCCC(=O)O.C/C=C/C1=CC=C(C=C1)OC.CC1=C(C=C2CCC(OC2=C1C)(C)CCCC(C)CCCC(C)CCCC(C)C)O,17.36864,0,2,5,29,Fennel,2,<rdkit.Chem.rdchem.Mol object at 0x000001457EB4E710>,846.7101261,348,2,0,1,3,75.99,155,61,56,5,0,0
5288209,C26H33NO2,391.5,CC1=C(C(CCC1)(C)C)C=CC(=CC=CC(=CC(=O)NC2=CC=C(C=C2)O)C)C,CC1=C(C(CCC1)(C)C)/C=C/C(=C/C=C/C(=C/C(=O)NC2=CC=C(C=C2)O)/C)/C,6.8623,0,2,2,6,Fenretinide,2,<rdkit.Chem.rdchem.Mol object at 0x000001457EB4E760>,391.2511293,154,1,0,1,2,49.33,62,29,26,2,1,0
107970,C19H33NO2,307.5,CCCCCCCCC1=CC=C(C=C1)CCC(CO)(CO)N,CCCCCCCCC1=CC=C(C=C1)CCC(CO)(CO)N,3.2043,0,3,3,12,Fingolimod,3,<rdkit.Chem.rdchem.Mol object at 0x000001457EB4E7B0>,307.2511293,126,1,0,0,1,66.48,55,22,19,2,1,0
5281614,C15H10O6,286.24,C1=CC(=C(C=C1C2=C(C(=O)C3=C(O2)C=C(C=C3)O)O)O)O,C1=CC(=C(C=C1C2=C(C(=O)C3=C(O2)C=C(C=C3)O)O)O)O,2.2824,0,4,6,1,Fisetin,2,<rdkit.Chem.rdchem.Mol object at 0x000001457EB4E800>,286.047738,106,3,0,0,3,111.13,31,21,15,6,0,0
3386,C17H18F3NO,309.33,CNCCC(C1=CC=CC=C1)OC2=CC=C(C=C2)C(F)(F)F,CNCCC(C1=CC=CC=C1)OC2=CC=C(C=C2)C(F)(F)F,4.435,0,1,5,6,Fluoxetine,4,<rdkit.Chem.rdchem.Mol object at 0x000001457EB4E850>,309.1340489,118,2,0,0,2,21.26,40,22,17,1,1,0
5324346,C15H21F3N2O2,318.33,COCCCCC(=NOCCN)C1=CC=C(C=C1)C(F)(F)F,COCCCC/C(=N\OCCN)/C1=CC=C(C=C1)C(F)(F)F,3.2015,0,1,7,9,Fluvoxamine,2,<rdkit.Chem.rdchem.Mol object at 0x000001457EB4E8A0>,318.1555126,124,1,0,0,1,56.84,43,22,15,2,2,0
135398658,C19H19N7O6,441.4,C1=CC(=CC=C1C(=O)NC(CCC(=O)O)C(=O)O)NCC2=CN=C3C(=N2)C(=O)NC(=N3)N,C1=CC(=CC=C1C(=O)N[C@@H](CCC(=O)O)C(=O)O)NCC2=CN=C3C(=N2)C(=O)NC(=N3)N,-0.0448,0,6,10,9,Folic%20acid,3,<rdkit.Chem.rdchem.Mol object at 0x000001457EB4E8F0>,441.1396813,166,3,0,0,3,213.28,51,32,19,6,7,0
5282448,C31H53N3O49S8,1508.3,COC1C(C(C(C(O1)COS(=O)(=O)O)OC2C(C(C(C(O2)C(=O)O)OC3C(C(C(C(O3)COS(=O)(=O)O)OC4C(C(C(C(O4)C(=O)O)OC5C(C(C(C(O5)COS(=O)(=O)O)O)O)NS(=O)(=O)O)O)O)OS(=O)(=O)O)NS(=O)(=O)O)O)OS(=O)(=O)O)O)NS(=O)(=O)O,CO[C@@H]1[C@@H]([C@H]([C@@H]([C@H](O1)COS(=O)(=O)O)O[C@H]2[C@@H]([C@H]([C@@H]([C@@H](O2)C(=O)O)O[C@@H]3[C@@H]([C@H]([C@@H]([C@H](O3)COS(=O)(=O)O)O[C@H]4[C@@H]([C@H]([C@@H]([C@H](O4)C(=O)O)O[C@@H]5[C@@H]([C@H]([C@@H]([C@H](O5)COS(=O)(=O)O)O)O)NS(=O)(=O)O)O)O)OS(=O)(=O)O)NS(=O)(=O)O)O)OS(=O)(=O)O)O)NS(=O)(=O)O,-13.7501,0,19,52,30,Fondaparinux,4,<rdkit.Chem.rdchem.Mol object at 0x000001457EB4E940>,1506.951333,534,0,5,5,5,805.48,144,91,31,49,3,0
3083544,C19H24N2O4,344.4,CC(CC1=CC=C(C=C1)OC)NCC(C2=CC(=C(C=C2)O)NC=O)O,C[C@H](CC1=CC=C(C=C1)OC)NC[C@@H](C2=CC(=C(C=C2)O)NC=O)O,2.2233,0,4,5,8,Formoterol,3,<rdkit.Chem.rdchem.Mol object at 0x000001457EB4E990>,344.1736072,134,2,0,0,2,90.82,49,25,19,4,2,0
11671467,C23H26FN6O9P,580.5,CC1(C(=O)N(C2=C(O1)C=CC(=N2)NC3=NC(=NC=C3F)NC4=CC(=C(C(=C4)OC)OC)OC)COP(=O)(O)O)C,CC1(C(=O)N(C2=C(O1)C=CC(=N2)NC3=NC(=NC=C3F)NC4=CC(=C(C(=C4)OC)OC)OC)COP(=O)(O)O)C,3.0945,0,4,15,10,Fostamatinib,2,<rdkit.Chem.rdchem.Mol object at 0x000001457EB4E9E0>,580.1482913,214,3,0,1,4,186.72,66,40,23,9,6,0
10445549,C11H15N5O3,265.27,C1=C(C2=C(N1)C(=NC=N2)N)C3C(C(C(N3)CO)O)O,C1=C(C2=C(N1)C(=NC=N2)N)[C@H]3[C@@H]([C@@H]([C@H](N3)CO)O)O,-1.7329,0,6,7,2,Galidesivir,1,<rdkit.Chem.rdchem.Mol object at 0x000001457EB4EA30>,265.1174893,102,2,1,1,3,140.31,34,19,11,3,5,0
5280961,C15H10O5,270.24,C1=CC(=CC=C1C2=COC3=CC(=CC(=C3C2=O)O)O)O,C1=CC(=CC=C1C2=COC3=CC(=CC(=C3C2=O)O)O)O,2.5768,0,3,5,1,Genistein,2,<rdkit.Chem.rdchem.Mol object at 0x000001457EB4EA80>,270.0528234,100,3,0,0,3,90.9,30,20,15,5,0,0
23985,Au,196.96657,[Au],[Au],-0.0025,0,0,0,0,Gold,3,<rdkit.Chem.rdchem.Mol object at 0x000001457EB4EAD0>,196.9665687,11,0,0,0,0,0,1,1,0,0,0,0
772,C26H42N2O37S5,1134.9,CC(=O)NC1C(C(C(OC1O)COS(=O)(=O)O)OC2C(C(C(C(O2)C(=O)O)OC3C(C(C(C(O3)CO)OC4C(C(C(C(O4)C(=O)O)O)O)OS(=O)(=O)O)OS(=O)(=O)O)NS(=O)(=O)O)O)OS(=O)(=O)O)O,CC(=O)NC1C(C(C(OC1O)COS(=O)(=O)O)OC2C(C(C(C(O2)C(=O)O)OC3C(C(C(C(O3)CO)OC4C(C(C(C(O4)C(=O)O)O)O)OS(=O)(=O)O)OS(=O)(=O)O)NS(=O)(=O)O)O)OS(=O)(=O)O)O,-10.7119,0,15,38,21,Heparin,3,<rdkit.Chem.rdchem.Mol object at 0x000001457EB4EB20>,1134.006995,408,0,4,4,4,610.49,112,70,26,37,2,0
10621,C28H34O15,610.6,CC1C(C(C(C(O1)OCC2C(C(C(C(O2)OC3=CC(=C4C(=O)CC(OC4=C3)C5=CC(=C(C=C5)OC)O)O)O)O)O)O)O)O,C[C@H]1[C@@H]([C@H]([C@H]([C@@H](O1)OC[C@@H]2[C@H]([C@@H]([C@H]([C@@H](O2)OC3=CC(=C4C(=O)C[C@H](OC4=C3)C5=CC(=C(C=C5)OC)O)O)O)O)O)O)O)O,-1.1566,0,8,15,7,Hesperidin,1,<rdkit.Chem.rdchem.Mol object at 0x000001457EB4EB70>,610.1897704,236,2,2,3,5,234.29,77,43,28,15,0,0
5754,C21H30O5,362.5,CC12CCC(=O)C=C1CCC3C2C(CC4(C3CCC4(C(=O)CO)O)C)O,C[C@]12CCC(=O)C=C1CC[C@@H]3[C@@H]2[C@H](C[C@]4([C@H]3CC[C@@]4(C(=O)CO)O)C)O,1.7816,0,3,5,2,Hydrocortisone,3,<rdkit.Chem.rdchem.Mol object at 0x000001457EB4EBC0>,362.2093241,144,0,3,4,4,94.83,56,26,21,5,0,0
16623,C25H34O8,462.5,CC12CCC(=O)C=C1CCC3C2C(CC4(C3CCC4(C(=O)COC(=O)CCC(=O)O)O)C)O,C[C@]12CCC(=O)C=C1CC[C@@H]3[C@@H]2[C@H](C[C@]4([C@H]3CC[C@@]4(C(=O)COC(=O)CCC(=O)O)O)C)O,2.1973,0,3,8,7,Hydrocortisone%20succinate,3,<rdkit.Chem.rdchem.Mol object at 0x000001457EB4EC10>,462.225368,182,0,3,4,4,138.2,67,33,25,8,0,0
783,H2,2.016,[HH],[HH],0.246,0,0,0,0,Hydrogen,0,<rdkit.Chem.rdchem.Mol object at 0x000001457EB4EC60>,2.015650064,2,0,0,0,0,0,2,0,0,0,0,0
784,H2O2,34.015,OO,OO,0.0174,0,2,2,0,Hydrogen%20peroxide,0,<rdkit.Chem.rdchem.Mol object at 0x000001457EB4ECB0>,34.0054793,14,0,0,0,0,40.46,4,2,0,2,0,0
3652,C18H26ClN3O,335.9,CCN(CCCC(C)NC1=C2C=CC(=CC2=NC=C1)Cl)CCO,CCN(CCCC(C)NC1=C2C=CC(=CC2=NC=C1)Cl)CCO,3.783,0,2,4,9,Hydroxychloroquine,3,<rdkit.Chem.rdchem.Mol object at 0x000001457EB4ED00>,335.1764401,126,2,0,0,2,48.39,49,23,18,1,3,1
24821094,C25H24N6O2,440.5,C=CC(=O)N1CCCC(C1)N2C3=NC=NC(=C3C(=N2)C4=CC=C(C=C4)OC5=CC=CC=C5)N,C=CC(=O)N1CCC[C@H](C1)N2C3=NC=NC(=C3C(=N2)C4=CC=C(C=C4)OC5=CC=CC=C5)N,4.2173,0,1,6,5,Ibrutinib,2,<rdkit.Chem.rdchem.Mol object at 0x000001457EB4ED50>,440.196074,166,4,1,1,5,99.16,57,33,25,2,6,0
3671,C14H18N2O,230.31,CC(C)C1=NN2C=CC=CC2=C1C(=O)C(C)C,CC(C)C1=NN2C=CC=CC2=C1C(=O)C(C)C,3.2964,0,0,2,3,Ibudilast,2,<rdkit.Chem.rdchem.Mol object at 0x000001457EB4EDA0>,230.1419132,90,2,0,0,2,34.37,35,17,14,1,2,0
3672,C13H18O2,206.28,CC(C)CC1=CC=C(C=C1)C(C)C(=O)O,CC(C)CC1=CC=C(C=C1)C(C)C(=O)O,3.0732,0,1,2,4,Ibuprofen,4,<rdkit.Chem.rdchem.Mol object at 0x000001457EB4EDF0>,206.1306798,82,1,0,0,1,37.3,33,15,13,2,0,0
6918173,C59H89N19O13S,1304.5,C1CCC2C(C1)CC(N2C(=O)C3CC4=CC=CC=C4CN3C(=O)C(CO)NC(=O)C(CC5=CC=CS5)NC(=O)CNC(=O)C6CC(CN6C(=O)C7CCCN7C(=O)C(CCCN=C(N)N)NC(=O)C(CCCN=C(N)N)N)O)C(=O)NC(CCCN=C(N)N)C(=O)O,C1CC[C@H]2[C@@H](C1)C[C@H](N2C(=O)[C@H]3CC4=CC=CC=C4CN3C(=O)[C@H](CO)NC(=O)[C@H](CC5=CC=CS5)NC(=O)CNC(=O)[C@@H]6C[C@H](CN6C(=O)[C@@H]7CCCN7C(=O)[C@H](CCCN=C(N)N)NC(=O)[C@@H](CCCN=C(N)N)N)O)C(=O)N[C@@H](CCCN=C(N)N)C(=O)O,-5.023,0,15,18,30,Icatibant,2,<rdkit.Chem.rdchem.Mol object at 0x000001457EB4EE40>,1303.660795,504,2,4,5,7,523.72,181,92,59,13,19,0
446284,C20H30O2,302.5,CCC=CCC=CCC=CCC=CCC=CCCCC(=O)O,CC/C=C\C/C=C\C/C=C\C/C=C\C/C=C\CCCC(=O)O,5.9927,0,1,2,13,Icosapent,3,<rdkit.Chem.rdchem.Mol object at 0x000001457EB4EE90>,302.2245802,122,0,0,0,0,37.3,52,22,20,2,0,0
9831415,C22H34O2,330.5,CCC=CCC=CCC=CCC=CCC=CCCCC(=O)OCC,CC/C=C\C/C=C\C/C=C\C/C=C\C/C=C\CCCC(=O)OCC,6.4712,0,0,2,15,Icosapent%20ethyl,3,<rdkit.Chem.rdchem.Mol object at 0x000001457EB4EEE0>,330.2558803,134,0,0,0,0,26.3,58,24,22,2,0,0
3689,C21H27NO2,325.4,CC(C(C1=CC=C(C=C1)O)O)N2CCC(CC2)CC3=CC=CC=C3,CC(C(C1=CC=C(C=C1)O)O)N2CCC(CC2)CC3=CC=CC=C3,3.7688,0,2,3,5,Ifenprodil,3,<rdkit.Chem.rdchem.Mol object at 0x000001457EB4EF30>,325.2041791,128,2,1,1,3,43.7,51,24,21,2,1,0
5311181,C22H32O4,360.5,CC#CCC(C)C(C=CC1C(CC2C1CC(=CCCCC(=O)O)C2)O)O,CC#CCC(C)[C@@H](/C=C/[C@H]1[C@@H](C[C@H]2[C@@H]1C/C(=C/CCCC(=O)O)/C2)O)O,3.5413,0,3,4,8,Iloprost,2,<rdkit.Chem.rdchem.Mol object at 0x000001457EB4EF80>,360.2300595,144,0,2,2,2,77.76,58,26,22,4,0,0
5291,C29H31N7O,493.6,CC1=C(C=C(C=C1)NC(=O)C2=CC=C(C=C2)CN3CCN(CC3)C)NC4=NC=CC(=N4)C5=CN=CC=C5,CC1=C(C=C(C=C1)NC(=O)C2=CC=C(C=C2)CN3CCN(CC3)C)NC4=NC=CC(=N4)C5=CN=CC=C5,4.59032,0,2,7,7,Imatinib,3,<rdkit.Chem.rdchem.Mol object at 0x000001457EB43030>,493.2590086,188,4,1,1,5,86.28,68,37,29,1,7,0
3715,C19H16ClNO4,357.8,CC1=C(C2=C(N1C(=O)C3=CC=C(C=C3)Cl)C=CC(=C2)OC)CC(=O)O,CC1=C(C2=C(N1C(=O)C3=CC=C(C=C3)Cl)C=CC(=C2)OC)CC(=O)O,3.92732,0,1,4,4,Indomethacin,3,<rdkit.Chem.rdchem.Mol object at 0x000001457EB43080>,357.0767857,128,3,0,0,3,68.53,41,25,19,4,1,1
135449284,C52H78N10O17,1115.2,CC(CN(C)C)O.CC(CN(C)C)O.CC(CN(C)C)O.CC(=O)NC1=CC=C(C=C1)C(=O)O.CC(=O)NC1=CC=C(C=C1)C(=O)O.CC(=O)NC1=CC=C(C=C1)C(=O)O.C1=NC2=C(C(=O)N1)N=CN2C3C(C(C(O3)CO)O)O,CC(CN(C)C)O.CC(CN(C)C)O.CC(CN(C)C)O.CC(=O)NC1=CC=C(C=C1)C(=O)O.CC(=O)NC1=CC=C(C=C1)C(=O)O.CC(=O)NC1=CC=C(C=C1)C(=O)O.C1=NC2=C(C(=O)N1)N=CN2[C@H]3[C@@H]([C@@H]([C@H](O3)CO)O)O,1.5471,0,13,22,14,Inosine%20pranobex,3,<rdkit.Chem.rdchem.Mol object at 0x000001457EB430D0>,1114.554641,438,5,1,1,6,403.1,157,79,52,17,10,0
71306834,C16H17Cl3I2N3NaO5S,746.5,CCCN(CCOC1=C(C=C(C=C1Cl)Cl)Cl)C(=O)N2C=CN=C2.C(S(=O)(=O)[O-])(I)I.[Na+],CCCN(CCOC1=C(C=C(C=C1Cl)Cl)Cl)C(=O)N2C=CN=C2.C(S(=O)(=O)[O-])(I)I.[Na+],2.2916,0,0,6,7,Interferon%20alfa-2b,3,<rdkit.Chem.rdchem.Mol object at 0x000001457EB43120>,744.794165,168,2,0,0,2,104.56,48,31,16,5,3,3
807,I2,253.8089,II,II,1.7714,0,0,0,0,Iodine,2,<rdkit.Chem.rdchem.Mol object at 0x000001457EB43170>,253.808946,14,0,0,0,0,0,2,2,0,0,0,0
3749,C25H28N6O,428.5,CCCCC1=NC2(CCCC2)C(=O)N1CC3=CC=C(C=C3)C4=CC=CC=C4C5=NNN=N5,CCCCC1=NC2(CCCC2)C(=O)N1CC3=CC=C(C=C3)C4=CC=CC=C4C5=NNN=N5,4.7774,0,1,5,7,Irbesartan,4,<rdkit.Chem.rdchem.Mol object at 0x000001457EB431C0>,428.2324595,164,3,1,2,5,87.13,60,32,25,1,6,0
3763,C3H2ClF5O,184.49,C(C(F)(F)F)(OC(F)F)Cl,C(C(F)(F)F)(OC(F)F)Cl,2.3528,0,0,6,2,Isoflurane,3,<rdkit.Chem.rdchem.Mol object at 0x000001457EB43210>,183.9714335,62,0,0,0,0,9.23,12,10,3,1,0,1
5280804,C21H20O12,464.4,C1=CC(=C(C=C1C2=C(C(=O)C3=C(C=C(C=C3O2)O)O)OC4C(C(C(C(O4)CO)O)O)O)O)O,C1=CC(=C(C=C1C2=C(C(=O)C3=C(C=C(C=C3O2)O)O)O[C@H]4[C@@H]([C@H]([C@@H]([C@H](O4)CO)O)O)O)O)O,-0.5389,0,8,12,4,Isoquercetin,2,<rdkit.Chem.rdchem.Mol object at 0x000001457EB43260>,464.0954761,176,3,1,1,4,210.51,53,33,21,12,0,0
5282379,C20H28O2,300.4,CC1=C(C(CCC1)(C)C)C=CC(=CC=CC(=CC(=O)O)C)C,CC1=C(C(CCC1)(C)C)/C=C/C(=C/C=C/C(=C\C(=O)O)/C)/C,5.6026,0,1,2,5,Isotretinoin,3,<rdkit.Chem.rdchem.Mol object at 0x000001457EB432B0>,300.2089301,120,0,0,1,1,37.3,50,22,20,2,0,0
3793,C35H38Cl2N8O4,705.6,CCC(C)N1C(=O)N(C=N1)C2=CC=C(C=C2)N3CCN(CC3)C4=CC=C(C=C4)OCC5COC(O5)(CN6C=NC=N6)C7=C(C=C(C=C7)Cl)Cl,CCC(C)N1C(=O)N(C=N1)C2=CC=C(C=C2)N3CCN(CC3)C4=CC=C(C=C4)OCC5COC(O5)(CN6C=NC=N6)C7=C(C=C(C=C7)Cl)Cl,5.5773,0,0,9,11,Itraconazole,2,<rdkit.Chem.rdchem.Mol object at 0x000001457EB43300>,704.2393071,256,5,2,2,7,104.7,87,49,35,4,8,2
6321424,C48H74O14,875.1,CCC(C)C1C(CCC2(O1)CC3CC(O2)CC=C(C(C(C=CC=C4COC5C4(C(C=C(C5O)C)C(=O)O3)O)C)OC6CC(C(C(O6)C)OC7CC(C(C(O7)C)O)OC)OC)C)C,CC[C@H](C)[C@@H]1[C@H](CC[C@@]2(O1)C[C@@H]3C[C@H](O2)C/C=C(/[C@H]([C@H](/C=C/C=C/4\CO[C@H]5[C@@]4([C@@H](C=C([C@H]5O)C)C(=O)O3)O)C)O[C@H]6C[C@@H]([C@H]([C@@H](O6)C)O[C@H]7C[C@@H]([C@H]([C@@H](O7)C)O)OC)OC)\C)C,5.6014,0,3,14,8,Ivermectin,3,<rdkit.Chem.rdchem.Mol object at 0x000001457EB43350>,874.507857,350,0,5,7,7,170.06,136,62,48,14,0,0
3821,C13H16ClNO,237.72,CNC1(CCCCC1=O)C2=CC=CC=C2Cl,CNC1(CCCCC1=O)C2=CC=CC=C2Cl,2.8978,0,1,2,2,Ketamine,2,<rdkit.Chem.rdchem.Mol object at 0x000001457EB433A0>,237.0920418,86,1,1,1,2,29.1,32,16,13,1,1,1
3899,C12H9F3N2O2,270.21,CC1=C(C=NO1)C(=O)NC2=CC=C(C=C2)C(F)(F)F,CC1=C(C=NO1)C(=O)NC2=CC=C(C=C2)C(F)(F)F,3.25412,0,1,6,2,Leflunomide,3,<rdkit.Chem.rdchem.Mol object at 0x000001457EB433F0>,270.0616122,100,2,0,0,2,55.13,28,19,12,2,2,0
216326,C13H13N3O3,259.26,C1CC(=O)NC(=O)C1N2CC3=C(C2=O)C=CC=C3N,C1CC(=O)NC(=O)C1N2CC3=C(C2=O)C=CC=C3N,0.0298,0,2,4,1,Lenalidomide,4,<rdkit.Chem.rdchem.Mol object at 0x000001457EB43440>,259.0956913,98,1,1,2,3,92.5,32,19,13,3,3,0
26879,C11H12N2S,204.29,C1CSC2=NC(CN21)C3=CC=CC=C3,C1CSC2=N[C@H](CN21)C3=CC=CC=C3,2.1461,0,0,2,1,Levamisole,3,<rdkit.Chem.rdchem.Mol object at 0x000001457EB43490>,204.0721194,72,1,1,2,3,15.6,26,14,11,0,2,0
149096,C18H20FN3O4,361.4,CC1COC2=C3N1C=C(C(=O)C3=CC(=C2N4CCN(CC4)C)F)C(=O)O,C[C@H]1COC2=C3N1C=C(C(=O)C3=CC(=C2N4CCN(CC4)C)F)C(=O)O,1.544,0,1,8,2,Levofloxacin,4,<rdkit.Chem.rdchem.Mol object at 0x000001457EB434E0>,361.1437843,138,2,1,2,4,75.01,46,26,18,4,3,0
16666,C10H20O,156.26,CC1CCC(C(C1)O)C(C)C,C[C@@H]1CC[C@H]([C@@H](C1)O)C(C)C,2.4395,0,1,1,1,Levomenthol,3,<rdkit.Chem.rdchem.Mol object at 0x000001457EB43530>,156.1514153,66,0,1,1,1,20.23,31,11,10,1,0,0
163463,C42H62O16Zn,888.3,CC1(C2CCC3(C(C2(CCC1OC4C(C(C(C(O4)C(=O)O)O)O)OC5C(C(C(C(O5)C(=O)O)O)O)O)C)C(=O)C=C6C3(CCC7(C6CC(CC7)(C)C(=O)O)C)C)C)C.[Zn],C[C@]12CC[C@](C[C@H]1C3=CC(=O)[C@@H]4[C@]5(CC[C@@H](C([C@@H]5CC[C@]4([C@@]3(CC2)C)C)(C)C)O[C@@H]6[C@@H]([C@H]([C@@H]([C@H](O6)C(=O)O)O)O)O[C@H]7[C@@H]([C@H]([C@@H]([C@H](O7)C(=O)O)O)O)O)C)(C)C(=O)O.[Zn],2.2431,0,8,16,7,Licorice,3,<rdkit.Chem.rdchem.Mol object at 0x000001457EB43580>,886.3329281,328,0,6,7,7,267.04,121,59,42,16,0,0
10096344,C25H28N8O2,472.5,CC#CCN1C2=C(N=C1N3CCCC(C3)N)N(C(=O)N(C2=O)CC4=NC5=CC=CC=C5C(=N4)C)C,CC#CCN1C2=C(N=C1N3CCC[C@H](C3)N)N(C(=O)N(C2=O)CC4=NC5=CC=CC=C5C(=N4)C)C,1.14742,0,1,7,4,Linagliptin,4,<rdkit.Chem.rdchem.Mol object at 0x000001457EB435D0>,472.2335221,180,4,1,1,5,116.86,63,35,25,2,8,0
5280450,C18H32O2,280.4,CCCCCC=CCC=CCCCCCCCC(=O)O,CCCCC/C=C\C/C=C\CCCCCCCC(=O)O,5.8845,0,1,2,14,Linoleic%20acid,3,<rdkit.Chem.rdchem.Mol object at 0x000001457EB43620>,280.2402303,116,0,0,0,0,37.3,52,20,18,2,0,0
5920,C15H12I3NO4,650.97,C1=CC(=C(C=C1OC2=C(C=C(C=C2I)CC(C(=O)O)N)I)I)O,C1=CC(=C(C=C1OC2=C(C=C(C=C2I)C[C@@H](C(=O)O)N)I)I)O,3.9527,0,3,5,5,Liothyronine,2,<rdkit.Chem.rdchem.Mol object at 0x000001457EB43670>,650.7900519,122,2,0,0,2,92.78,35,23,15,4,1,0
6112,C8H14O2S2,206.3,C1CSSC1CCCCC(=O)O,C1CSS[C@@H]1CCCCC(=O)O,2.7851,0,1,4,5,Lipoic%20acid,4,<rdkit.Chem.rdchem.Mol object at 0x000001457EB436C0>,206.0435217,70,0,1,1,1,37.3,26,12,8,2,0,0
11125,CLi2O3,73.9,[Li+].[Li+].C(=O)([O-])[O-],[Li+].[Li+].C(=O)([O-])[O-],-8.439,0,0,3,0,Lithium%20carbonate,3,<rdkit.Chem.rdchem.Mol object at 0x000001457EB43710>,74.01675296,24,0,0,0,0,63.19,6,6,1,3,0,0
92727,C37H48N4O5,628.8,CC1=C(C(=CC=C1)C)OCC(=O)NC(CC2=CC=CC=C2)C(CC(CC3=CC=CC=C3)NC(=O)C(C(C)C)N4CCCNC4=O)O,CC1=C(C(=CC=C1)C)OCC(=O)N[C@@H](CC2=CC=CC=C2)[C@H](C[C@H](CC3=CC=CC=C3)NC(=O)[C@H](C(C)C)N4CCCNC4=O)O,4.32814,0,4,5,15,Lopinavir,4,<rdkit.Chem.rdchem.Mol object at 0x000001457EB43760>,628.3624706,246,3,1,1,4,120,94,46,37,5,4,0
3961,C22H23ClN6O,422.9,CCCCC1=NC(=C(N1CC2=CC=C(C=C2)C3=CC=CC=C3C4=NNN=N4)CO)Cl,CCCCC1=NC(=C(N1CC2=CC=C(C=C2)C3=CC=CC=C3C4=NNN=N4)CO)Cl,4.2668,0,2,5,8,Losartan,3,<rdkit.Chem.rdchem.Mol object at 0x000001457EB437B0>,422.162187,154,4,0,0,4,92.51,53,30,22,1,6,1
129628674,C126H238N26O22,2469.4,CC(C)CC(C(=O)NC(CC(C)C)C(=O)NC(CC(C)C)C(=O)NC(CC(C)C)C(=O)NC(CCCCN)C(=O)NC(CC(C)C)C(=O)NC(CC(C)C)C(=O)NC(CC(C)C)C(=O)NC(CC(C)C)C(=O)NC(CCCCN)C(=O)NC(CC(C)C)C(=O)NC(CC(C)C)C(=O)NC(CC(C)C)C(=O)NC(CC(C)C)C(=O)NC(CCCCN)C(=O)NC(CC(C)C)C(=O)NC(CC(C)C)C(=O)NC(CC(C)C)C(=O)NC(CC(C)C)C(=O)NC(CCCCN)C(=O)O)NC(=O)C(CCCCN)N,CC(C)C[C@H](C(=O)N[C@H](CC(C)C)C(=O)N[C@H](CC(C)C)C(=O)N[C@H](CC(C)C)C(=O)N[C@H](CCCCN)C(=O)N[C@H](CC(C)C)C(=O)N[C@H](CC(C)C)C(=O)N[C@H](CC(C)C)C(=O)N[C@H](CC(C)C)C(=O)N[C@H](CCCCN)C(=O)N[C@H](CC(C)C)C(=O)N[C@H](CC(C)C)C(=O)N[C@H](CC(C)C)C(=O)N[C@H](CC(C)C)C(=O)N[C@H](CCCCN)C(=O)N[C@H](CC(C)C)C(=O)N[C@H](CC(C)C)C(=O)N[C@H](CC(C)C)C(=O)N[C@H](CC(C)C)C(=O)N[C@H](CCCCN)C(=O)O)NC(=O)[C@@H](CCCCN)N,6.4769,0,27,28,93,Lucinactant,2,<rdkit.Chem.rdchem.Mol object at 0x000001457EB43800>,2467.830403,1004,0,0,0,0,775.42,412,174,126,22,26,0
5462224,Mg,24.305,[Mg],[Mg],-0.3808,0,0,0,0,Magnesium,2,<rdkit.Chem.rdchem.Mol object at 0x000001457EB43850>,23.9850417,2,0,0,0,0,0,1,1,0,0,0,0
84645,C4H8MgN2O4,172.42,C(C(=O)[O-])N.C(C(=O)[O-])N.[Mg+2],C(C(=O)[O-])N.C(C(=O)[O-])N.[Mg+2],-4.9908,0,2,6,0,Magnesium%20glycinate,2,<rdkit.Chem.rdchem.Mol object at 0x000001457EB438A0>,172.0334484,60,0,0,0,0,132.3,19,11,4,4,2,0
3002977,C29H41F2N5O,513.7,CC1=NN=C(N1C2CC3CCC(C2)N3CCC(C4=CC=CC=C4)NC(=O)C5CCC(CC5)(F)F)C(C)C,CC1=NN=C(N1C2C[C@H]3CC[C@@H](C2)N3CC[C@@H](C4=CC=CC=C4)NC(=O)C5CCC(CC5)(F)F)C(C)C,5.95092,0,1,6,8,Maraviroc,2,<rdkit.Chem.rdchem.Mol object at 0x000001457EB438F0>,513.3279174,202,2,3,3,5,63.05,78,37,29,1,5,0
10074640,C28H30N6OS,498.6,CC1=C(C=C(C=C1)NC(=O)C2=CC=C(C=C2)CN3CCN(CC3)C)NC4=NC(=CS4)C5=CN=CC=C5,CC1=C(C=C(C=C1)NC(=O)C2=CC=C(C=C2)CN3CCN(CC3)C)NC4=NC(=CS4)C5=CN=CC=C5,5.25682,0,2,7,7,Masitinib,2,<rdkit.Chem.rdchem.Mol object at 0x000001457EB43940>,498.2201806,184,4,1,1,5,73.39,66,36,28,1,6,0
4046,C17H16F6N2O,378.31,C1CCNC(C1)C(C2=CC(=NC3=C2C=CC=C3C(F)(F)F)C(F)(F)F)O,C1CCNC(C1)C(C2=CC(=NC3=C2C=CC=C3C(F)(F)F)C(F)(F)F)O,4.4479,0,2,9,2,Mefloquine,3,<rdkit.Chem.rdchem.Mol object at 0x000001457EB43990>,378.1166825,142,2,1,1,3,45.15,42,26,17,1,2,0
896,C13H16N2O2,232.28,CC(=O)NCCC1=CNC2=C1C=C(C=C2)OC,CC(=O)NCCC1=CNC2=C1C=C(C=C2)OC,1.8551,0,2,2,4,Melatonin,3,<rdkit.Chem.rdchem.Mol object at 0x000001457EB439E0>,232.1211778,90,2,0,0,2,54.12,33,17,13,2,2,0
460612,C13H18Cl2N2O2,305.2,C1=CC(=CC=C1CC(C(=O)O)N)N(CCCl)CCCl,C1=CC(=CC=C1C[C@@H](C(=O)O)N)N(CCCl)CCCl,1.925,0,2,4,8,Melphalan,2,<rdkit.Chem.rdchem.Mol object at 0x000001457EB43A30>,304.0745332,106,1,0,0,1,66.56,37,19,13,2,2,2
4055,C11H8O2,172.18,CC1=CC(=O)C2=CC=CC=C2C1=O,CC1=CC(=O)C2=CC=CC=C2C1=O,2.0119,0,0,2,0,Menadione,2,<rdkit.Chem.rdchem.Mol object at 0x000001457EB43A80>,172.0524295,64,1,0,1,2,34.14,21,13,11,2,0,0
5283547,C41H56O2,580.9,CC1=C(C(=O)C2=CC=CC=C2C1=O)CC=C(C)CCC=C(C)CCC=C(C)CCC=C(C)CCC=C(C)CCC=C(C)C,CC1=C(C(=O)C2=CC=CC=C2C1=O)C/C=C(\C)/CC/C=C(\C)/CC/C=C(\C)/CC/C=C(\C)/CC/C=C(\C)/CCC=C(C)C,12.3709,0,0,2,17,Menaquinone%206,2,<rdkit.Chem.rdchem.Mol object at 0x000001457EB43AD0>,580.428031,232,1,0,1,2,34.14,99,43,41,2,0,0
153241,C23H24N4O6,452.5,COC1=C(C=CC(=C1)NC(=O)NC2=CC=CC(=C2)CNC(=O)OC3CCOC3)C4=CN=CO4,COC1=C(C=CC(=C1)NC(=O)NC2=CC=CC(=C2)CNC(=O)O[C@H]3CCOC3)C4=CN=CO4,4.0093,0,3,7,8,Merimepodib,2,<rdkit.Chem.rdchem.Mol object at 0x000001457EB43B20>,452.1695845,172,3,1,1,4,123.95,57,33,23,6,4,0
443363,C27H35N5O7S,573.7,CSCCC(C(=O)O)NC(=O)C(CC1=CC=CC=C1)NC(=O)CNC(=O)CNC(=O)C(CC2=CC=C(C=C2)O)N,CSCC[C@@H](C(=O)O)NC(=O)[C@H](CC1=CC=CC=C1)NC(=O)CNC(=O)CNC(=O)[C@H](CC2=CC=C(C=C2)O)N,-0.4556,0,7,9,16,Metenkefalin,3,<rdkit.Chem.rdchem.Mol object at 0x000001457EB43B70>,573.2257195,216,2,0,0,2,199.95,75,40,27,7,5,0
4091,C4H11N5,129.16,CN(C)C(=N)N=C(N)N,CN(C)C(=N)N=C(N)N,-1.24383,0,3,1,2,Metformin,3,<rdkit.Chem.rdchem.Mol object at 0x000001457EB43BC0>,129.1014454,52,0,0,0,0,91.49,20,9,4,0,5,0
126941,C20H22N8O5,454.4,CN(CC1=CN=C2C(=N1)C(=NC(=N2)N)N)C3=CC=C(C=C3)C(=O)NC(CCC(=O)O)C(=O)O,CN(CC1=CN=C2C(=N1)C(=NC(=N2)N)N)C3=CC=C(C=C3)C(=O)N[C@@H](CCC(=O)O)C(=O)O,0.2684,0,5,12,9,Methotrexate,2,<rdkit.Chem.rdchem.Mol object at 0x000001457EB43C10>,454.1713158,172,3,0,0,3,210.54,55,33,20,5,8,0
6099,C16H18ClN3S,319.9,CN(C)C1=CC2=C(C=C1)N=C3C=CC(=[N+](C)C)C=C3S2.[Cl-],CN(C)C1=CC2=C(C=C1)N=C3C=CC(=[N+](C)C)C=C3S2.[Cl-],-0.4971,0,0,4,1,Methylene%20blue,2,<rdkit.Chem.rdchem.Mol object at 0x000001457EB43C60>,319.0909963,110,1,0,2,3,19.14,39,21,16,0,3,1
6741,C22H30O5,374.5,CC1CC2C3CCC(C3(CC(C2C4(C1=CC(=O)C=C4)C)O)C)(C(=O)CO)O,C[C@H]1C[C@H]2[C@@H]3CC[C@@]([C@]3(C[C@@H]([C@@H]2[C@@]4(C1=CC(=O)C=C4)C)O)C)(C(=O)CO)O,1.8036,0,3,5,2,Methylprednisolone,3,<rdkit.Chem.rdchem.Mol object at 0x000001457EB43CB0>,374.2093241,148,0,3,4,4,94.83,57,27,22,5,0,0
16923,C26H34O8,474.5,CC1CC2C3CCC(C3(CC(C2C4(C1=CC(=O)C=C4)C)O)C)(C(=O)COC(=O)CCC(=O)O)O,C[C@H]1C[C@H]2[C@@H]3CC[C@@]([C@]3(C[C@@H]([C@@H]2[C@@]4(C1=CC(=O)C=C4)C)O)C)(C(=O)COC(=O)CCC(=O)O)O,2.2193,0,3,8,7,Methylprednisolone%20hemisuccinate,3,<rdkit.Chem.rdchem.Mol object at 0x000001457EB43D00>,474.225368,186,0,3,4,4,138.2,68,34,26,8,0,0
4171,C15H25NO3,267.36,CC(C)NCC(COC1=CC=C(C=C1)CCOC)O,CC(C)NCC(COC1=CC=C(C=C1)CCOC)O,1.6132,0,2,4,9,Metoprolol,2,<rdkit.Chem.rdchem.Mol object at 0x000001457EB43D50>,267.1834437,108,1,0,0,1,50.72,44,19,15,3,1,0
4173,C6H9N3O3,171.15,CC1=NC=C(N1CCO)[N+](=O)[O-],CC1=NC=C(N1CCO)[N+](=O)[O-],0.09202,0,1,4,2,Metronidazole,2,<rdkit.Chem.rdchem.Mol object at 0x000001457EB43DA0>,171.0643911,66,1,0,0,1,81.19,21,12,6,3,3,0
62698,C18H32O16,504.4,C(C1C(C(C(C(O1)OC2C(OC(C(C2O)O)OC3C(OC(C(C3O)O)O)CO)CO)O)O)O)O,C([C@@H]1[C@H]([C@@H]([C@H](C(O1)O[C@@H]2[C@H](OC([C@@H]([C@H]2O)O)O[C@@H]3[C@H](O[C@@H]([C@@H]([C@H]3O)O)O)CO)CO)O)O)O)O,-7.573,0,11,16,7,Microcrystalline%20cellulose,3,<rdkit.Chem.rdchem.Mol object at 0x000001457EB43DF0>,504.1690349,200,0,3,3,3,268.68,66,34,18,16,0,0
4192,C18H13ClFN3,325.8,CC1=NC=C2N1C3=C(C=C(C=C3)Cl)C(=NC2)C4=CC=CC=C4F,CC1=NC=C2N1C3=C(C=C(C=C3)Cl)C(=NC2)C4=CC=CC=C4F,4.32422,0,0,3,1,Midazolam,1,<rdkit.Chem.rdchem.Mol object at 0x000001457EB43E40>,325.0782033,114,3,0,1,4,30.18,36,23,18,0,3,1
54675783,C23H27N3O7,457.5,CN(C)C1C2CC3CC4=C(C=CC(=C4C(=C3C(=O)C2(C(=C(C1=O)C(=O)N)O)O)O)O)N(C)C,CN(C)[C@H]1[C@@H]2C[C@@H]3CC4=C(C=CC(=C4C(=C3C(=O)[C@@]2(C(=C(C1=O)C(=O)N)O)O)O)O)N(C)C,0.03,0,5,9,3,Minocycline,2,<rdkit.Chem.rdchem.Mol object at 0x000001457EB43E90>,457.1849002,176,1,1,3,4,164.63,60,33,23,7,3,0
441336,C27H30Cl2O6,521.4,CC1CC2C3CCC4=CC(=O)C=CC4(C3(C(CC2(C1(C(=O)CCl)OC(=O)C5=CC=CO5)C)O)Cl)C,C[C@@H]1C[C@H]2[C@@H]3CCC4=CC(=O)C=C[C@@]4([C@]3([C@H](C[C@@]2([C@]1(C(=O)CCl)OC(=O)C5=CC=CO5)C)O)Cl)C,4.8692,0,1,6,5,Mometasone%20furoate,3,<rdkit.Chem.rdchem.Mol object at 0x000001457EB43EE0>,520.141944,188,1,3,4,5,93.81,65,35,27,6,0,2
5281040,C35H36ClNO3S,586.2,CC(C)(C1=CC=CC=C1CCC(C2=CC=CC(=C2)C=CC3=NC4=C(C=CC(=C4)Cl)C=C3)SCC5(CC5)CC(=O)O)O,CC(C)(C1=CC=CC=C1CC[C@H](C2=CC=CC(=C2)/C=C/C3=NC4=C(C=CC(=C4)Cl)C=C3)SCC5(CC5)CC(=O)O)O,8.948,0,2,5,12,Montelukast,4,<rdkit.Chem.rdchem.Mol object at 0x000001457EB43F30>,585.2104427,212,4,1,1,5,70.42,77,41,35,3,1,1
71586775,Al2H2O12Si4,360.31,O.[O-2].[O-2].[O-2].O=[Si]=O.O=[Si]=O.O=[Si]=O.O=[Si]=O.[Al+3].[Al+3],O.[O-2].[O-2].[O-2].O=[Si]=O.O=[Si]=O.O=[Si]=O.O=[Si]=O.[Al+3].[Al+3],-4.4163,0,1,12,0,Montmorillonite,4,<rdkit.Chem.rdchem.Mol object at 0x000001457EB43F80>,359.8254089,96,0,0,0,0,253.56,20,18,0,12,0,0
152946,C21H24FN3O4,401.4,COC1=C2C(=CC(=C1N3CC4CCCNC4C3)F)C(=O)C(=CN2C5CC5)C(=O)O,COC1=C2C(=CC(=C1N3C[C@@H]4CCCN[C@@H]4C3)F)C(=O)C(=CN2C5CC5)C(=O)O,2.3705,0,2,8,4,Moxifloxacin,4,<rdkit.Chem.rdchem.Mol object at 0x000001457EB42030>,401.1750845,154,2,3,3,5,83.8,53,29,21,4,3,0
772,C26H42N2O37S5,1134.9,CC(=O)NC1C(C(C(OC1O)COS(=O)(=O)O)OC2C(C(C(C(O2)C(=O)O)OC3C(C(C(C(O3)CO)OC4C(C(C(C(O4)C(=O)O)O)O)OS(=O)(=O)O)OS(=O)(=O)O)NS(=O)(=O)O)O)OS(=O)(=O)O)O,CC(=O)NC1C(C(C(OC1O)COS(=O)(=O)O)OC2C(C(C(C(O2)C(=O)O)OC3C(C(C(C(O3)CO)OC4C(C(C(C(O4)C(=O)O)O)O)OS(=O)(=O)O)OS(=O)(=O)O)NS(=O)(=O)O)O)OS(=O)(=O)O)O,-10.7119,0,15,38,21,Nadroparin,4,<rdkit.Chem.rdchem.Mol object at 0x000001457EB42080>,1134.006995,408,0,4,4,4,610.49,112,70,26,37,2,0
4413,C19H17N5O2,347.4,C1=CC(=CC=C1C(=O)OC2=CC3=C(C=C2)C=C(C=C3)C(=N)N)N=C(N)N,C1=CC(=CC=C1C(=O)OC2=CC3=C(C=C2)C=C(C=C3)C(=N)N)N=C(N)N,2.24797,0,4,4,5,Nafamostat,3,<rdkit.Chem.rdchem.Mol object at 0x000001457EB420D0>,347.1382248,130,3,0,0,3,140.57,43,26,19,2,5,0
5360515,C20H23NO4,341.4,C1CC1CN2CCC34C5C(=O)CCC3(C2CC6=C4C(=C(C=C6)O)O5)O,C1CC1CN2CC[C@]34[C@@H]5C(=O)CC[C@]3([C@H]2CC6=C4C(=C(C=C6)O)O5)O,1.5254,0,2,5,2,Naltrexone,2,<rdkit.Chem.rdchem.Mol object at 0x000001457EB42120>,341.1627082,132,1,3,5,6,70,48,25,20,4,1,0
156391,C14H14O3,230.26,CC(C1=CC2=C(C=C1)C=C(C=C2)OC)C(=O)O,C[C@@H](C1=CC2=C(C=C1)C=C(C=C2)OC)C(=O)O,3.0365,0,1,3,3,Naproxen,4,<rdkit.Chem.rdchem.Mol object at 0x000001457EB42170>,230.0942943,88,2,0,0,2,46.53,31,17,14,3,0,0
64143,C32H45N3O4S,567.8,CC1=C(C=CC=C1O)C(=O)NC(CSC2=CC=CC=C2)C(CN3CC4CCCCC4CC3C(=O)NC(C)(C)C)O,CC1=C(C=CC=C1O)C(=O)N[C@@H](CSC2=CC=CC=C2)[C@@H](CN3C[C@H]4CCCC[C@H]4C[C@H]3C(=O)NC(C)(C)C)O,4.74762,0,4,6,10,Nelfinavir,2,<rdkit.Chem.rdchem.Mol object at 0x000001457EB421C0>,567.3130779,218,2,2,2,4,101.9,85,40,32,4,3,0
938,C6H5NO2,123.11,C1=CC(=CN=C1)C(=O)O,C1=CC(=CN=C1)C(=O)O,0.7798,0,1,3,1,Niacin,3,<rdkit.Chem.rdchem.Mol object at 0x000001457EB42210>,123.0320284,46,1,0,0,1,50.19,14,9,6,2,1,0
4477,C13H8Cl2N2O4,327.12,C1=CC(=C(C=C1[N+](=O)[O-])Cl)NC(=O)C2=C(C=CC(=C2)Cl)O,C1=CC(=C(C=C1[N+](=O)[O-])Cl)NC(=O)C2=C(C=CC(=C2)Cl)O,3.8595,0,2,4,2,Niclosamide,3,<rdkit.Chem.rdchem.Mol object at 0x000001457EB42260>,325.9861121,108,2,0,0,2,92.47,29,21,13,4,2,2
936,C6H6N2O,122.12,C1=CC(=CN=C1)C(=O)N,C1=CC(=CN=C1)C(=O)N,0.1805,0,1,2,1,Nicotinamide,3,<rdkit.Chem.rdchem.Mol object at 0x000001457EB422B0>,122.0480128,46,1,0,0,1,55.98,15,9,6,1,2,0
439924,C11H15N2O5+,255.25,C1=CC(=C[N+](=C1)C2C(C(C(O2)CO)O)O)C(=O)N,C1=CC(=C[N+](=C1)[C@H]2[C@@H]([C@@H]([C@H](O2)CO)O)O)C(=O)N,-2.3155,1,4,5,3,Nicotinamide%20riboside,2,<rdkit.Chem.rdchem.Mol object at 0x000001457EB42300>,255.097548,98,1,1,1,2,116.89,33,18,11,5,2,0
4485,C17H18N2O6,346.3,CC1=C(C(C(=C(N1)C)C(=O)OC)C2=CC=CC=C2[N+](=O)[O-])C(=O)OC,CC1=C(C(C(=C(N1)C)C(=O)OC)C2=CC=CC=C2[N+](=O)[O-])C(=O)OC,2.1756,0,1,7,5,Nifedipine,0,<rdkit.Chem.rdchem.Mol object at 0x000001457EB42350>,346.1164863,132,1,0,1,2,107.77,43,25,17,6,2,0
135423438,C31H33N5O4,539.6,CN1CCN(CC1)CC(=O)N(C)C2=CC=C(C=C2)N=C(C3=CC=CC=C3)C4=C(NC5=C4C=CC(=C5)C(=O)OC)O,CN1CCN(CC1)CC(=O)N(C)C2=CC=C(C=C2)N=C(C3=CC=CC=C3)C4=C(NC5=C4C=CC(=C5)C(=O)OC)O,4.0394,0,2,7,8,Nintedanib,4,<rdkit.Chem.rdchem.Mol object at 0x000001457EB423A0>,539.2532545,206,4,1,1,5,101.47,73,40,31,4,5,0
41684,C12H9N3O5S,307.28,CC(=O)OC1=CC=CC=C1C(=O)NC2=NC=C(S2)[N+](=O)[O-],CC(=O)OC1=CC=CC=C1C(=O)NC2=NC=C(S2)[N+](=O)[O-],2.2289,0,1,7,4,Nitazoxanide,3,<rdkit.Chem.rdchem.Mol object at 0x000001457EB423F0>,307.0262914,108,2,0,0,2,111.43,30,21,12,5,3,0
145068,NO,30.006,[N]=O,[N]=O,-0.4471,0,0,1,0,Nitric%20Oxide,2,<rdkit.Chem.rdchem.Mol object at 0x000001457EB42440>,29.99798862,11,0,0,0,0,39.37,2,2,0,1,1,0
947,N2,28.014,N#N,N#N,0.03016,0,0,2,0,Nitrogen,2,<rdkit.Chem.rdchem.Mol object at 0x000001457EB42490>,28.006148,10,0,0,0,0,47.58,2,2,0,0,2,0
24529,HNO2,47.014,N(=O)O,N(=O)O,0.142,0,1,3,0,Nitrous%20acid,2,<rdkit.Chem.rdchem.Mol object at 0x000001457EB424E0>,47.00072827,18,0,0,0,0,49.66,4,3,0,2,1,0
275196,C22H23NO7,413.4,CN1CCC2=CC3=C(C(=C2C1C4C5=C(C(=C(C=C5)OC)OC)C(=O)O4)OC)OCO3,CN1CCC2=CC3=C(C(=C2[C@@H]1[C@@H]4C5=C(C(=C(C=C5)OC)OC)C(=O)O4)OC)OCO3,2.8818,0,0,8,4,Noscapine,2,<rdkit.Chem.rdchem.Mol object at 0x000001457EB42530>,413.1474521,158,2,0,3,5,75.69,53,30,22,7,1,0
445639,C18H34O2,282.5,CCCCCCCCC=CCCCCCCCC(=O)O,CCCCCCCC/C=C\CCCCCCCC(=O)O,6.1085,0,1,2,15,Oleic%20Acid,3,<rdkit.Chem.rdchem.Mol object at 0x000001457EB42580>,282.2558803,118,0,0,0,0,37.3,54,20,18,2,0,0
158781,C24H26N6O3,446.5,CCCC1=NC(=C(N1CC2=CC=C(C=C2)C3=CC=CC=C3C4=NNN=N4)C(=O)O)C(C)(C)O,CCCC1=NC(=C(N1CC2=CC=C(C=C2)C3=CC=CC=C3C4=NNN=N4)C(=O)O)C(C)(C)O,3.6566,0,3,7,8,Olmesartan,4,<rdkit.Chem.rdchem.Mol object at 0x000001457EB425D0>,446.2066387,170,4,0,0,4,129.81,59,33,24,3,6,0
56842239,C60H92O6,909.4,CCC=CCC=CCC=CCCCCCCCC(=O)O.CCC=CCC=CCC=CCC=CCC=CCCCC(=O)O.CCC=CCC=CCC=CCC=CCC=CCC=CCCC(=O)O,CC/C=C\C/C=C\C/C=C\CCCCCCCC(=O)O.CC/C=C\C/C=C\C/C=C\C/C=C\C/C=C\CCCC(=O)O.CC/C=C\C/C=C\C/C=C\C/C=C\C/C=C\C/C=C\CCC(=O)O,18.2021,0,3,6,40,Omega-3%20fatty%20acids,4,<rdkit.Chem.rdchem.Mol object at 0x000001457EB42620>,908.6893907,368,0,0,0,0,111.9,158,66,60,6,0,0
65028,C16H28N2O4,312.4,CCC(CC)OC1C=C(CC(C1NC(=O)C)N)C(=O)OCC,CCC(CC)O[C@@H]1C=C(C[C@@H]([C@H]1NC(=O)C)N)C(=O)OCC,1.2854,0,2,5,8,Oseltamivir,3,<rdkit.Chem.rdchem.Mol object at 0x000001457EB42670>,312.2049074,126,0,0,1,1,90.65,50,22,16,4,2,0
5284603,C18H21NO4,315.4,CN1CCC23C4C(=O)CCC2(C1CC5=C3C(=C(C=C5)OC)O4)O,CN1CC[C@]23[C@@H]4C(=O)CC[C@]2([C@H]1CC5=C3C(=C(C=C5)OC)O4)O,1.0482,0,1,5,1,Oxycodone,3,<rdkit.Chem.rdchem.Mol object at 0x000001457EB426C0>,315.1470582,122,1,2,4,5,59,44,23,18,4,1,0
977,O2,31.999,O=O,O=O,0.067,0,0,2,0,Oxygen,3,<rdkit.Chem.rdchem.Mol object at 0x000001457EB42710>,31.98982924,12,0,0,0,0,34.14,2,2,0,2,0,0
439302,C43H66N12O12S2,1007.2,CCC(C)C1C(=O)NC(C(=O)NC(C(=O)NC(CSSCC(C(=O)NC(C(=O)N1)CC2=CC=C(C=C2)O)N)C(=O)N3CCCC3C(=O)NC(CC(C)C)C(=O)NCC(=O)N)CC(=O)N)CCC(=O)N,CC[C@H](C)[C@H]1C(=O)N[C@H](C(=O)N[C@H](C(=O)N[C@@H](CSSC[C@@H](C(=O)N[C@H](C(=O)N1)CC2=CC=C(C=C2)O)N)C(=O)N3CCC[C@H]3C(=O)N[C@@H](CC(C)C)C(=O)NCC(=O)N)CC(=O)N)CCC(=O)N,-3.6086,0,12,15,17,Oxytocin,2,<rdkit.Chem.rdchem.Mol object at 0x000001457EB42760>,1006.436458,382,1,2,2,3,399.53,135,69,43,12,12,0
52938427,C23H24N4O3,404.5,CC(C)OC1=C(C=C(C=C1)C2=NC(=NO2)C3=C4CCC(C4=CC=C3)NCCO)C#N,CC(C)OC1=C(C=C(C=C1)C2=NC(=NO2)C3=C4CC[C@@H](C4=CC=C3)NCCO)C#N,3.63168,0,2,7,7,Ozanimod,2,<rdkit.Chem.rdchem.Mol object at 0x000001457EB427B0>,404.1848406,154,3,0,1,4,104.2,54,30,23,3,4,0
24823,O3,47.998,[O-][O+]=O,[O-][O+]=O,-1.122,0,0,2,0,Ozone,3,<rdkit.Chem.rdchem.Mol object at 0x000001457EB42800>,47.98474386,18,0,0,0,0,51.43,3,3,0,3,0,0
46216796,C28H32N4O3,472.6,C1CCN(C1)CCOC2=C3COCC=CCOCC4=CC(=CC=C4)C5=NC(=NC=C5)NC(=C3)C=C2,C1CCN(C1)CCOC2=C3COC/C=C/COCC4=CC(=CC=C4)C5=NC(=NC=C5)NC(=C3)C=C2,4.9648,0,1,7,4,Pacritinib,3,<rdkit.Chem.rdchem.Mol object at 0x000001457EB42850>,472.2474409,182,3,1,2,5,68.74,67,35,28,3,4,0
4679,C16H15F2N3O4S,383.4,COC1=C(C(=NC=C1)CS(=O)C2=NC3=C(N2)C=C(C=C3)OC(F)F)OC,COC1=C(C(=NC=C1)CS(=O)C2=NC3=C(N2)C=C(C=C3)OC(F)F)OC,2.8843,0,1,9,7,Pantoprazole,1,<rdkit.Chem.rdchem.Mol object at 0x000001457EB428A0>,383.0751334,138,3,0,0,3,86.33,41,26,16,4,3,0
6613,C9H17NO5,219.23,CC(C)(CO)C(C(=O)NCCC(=O)O)O,CC(C)(CO)[C@H](C(=O)NCCC(=O)O)O,-1.0433,0,4,5,6,Pantothenic%20acid,3,<rdkit.Chem.rdchem.Mol object at 0x000001457EB428F0>,219.1106726,88,0,0,0,0,106.86,32,15,9,5,1,0
4740,C13H18N4O3,278.31,CC(=O)CCCCN1C(=O)C2=C(N=CN2C)N(C1=O)C,CC(=O)CCCCN1C(=O)C2=C(N=CN2C)N(C1=O)C,0.193,0,0,4,5,Pentoxifylline,2,<rdkit.Chem.rdchem.Mol object at 0x000001457EB42940>,278.1378904,108,2,0,0,2,78.89,38,20,13,3,4,0
123683,C18H19IN6O4,510.3,CNC(=O)C1C(C(C(O1)N2C=NC3=C(N=CN=C32)NCC4=CC(=CC=C4)I)O)O,CNC(=O)[C@@H]1[C@H]([C@H]([C@@H](O1)N2C=NC3=C(N=CN=C32)NCC4=CC(=CC=C4)I)O)O,0.4082,0,4,8,5,Piclidenoson,2,<rdkit.Chem.rdchem.Mol object at 0x000001457EB42990>,510.0512511,152,3,1,1,4,134.42,48,29,18,4,6,0
4829,C19H20N2O3S,356.4,CCC1=CN=C(C=C1)CCOC2=CC=C(C=C2)CC3C(=O)NC(=O)S3,CCC1=CN=C(C=C1)CCOC2=CC=C(C=C2)CC3C(=O)NC(=O)S3,3.1596,0,1,5,7,Pioglitazone,4,<rdkit.Chem.rdchem.Mol object at 0x000001457EB429E0>,356.1194635,130,2,1,1,3,68.29,45,25,19,3,2,0
43672,C23H27N5O7S,517.6,CCN1CCN(C(=O)C1=O)C(=O)NC(C2=CC=CC=C2)C(=O)NC3C4N(C3=O)C(C(S4)(C)C)C(=O)O,CCN1CCN(C(=O)C1=O)C(=O)N[C@H](C2=CC=CC=C2)C(=O)N[C@H]3[C@@H]4N(C3=O)[C@H](C(S4)(C)C)C(=O)O,-0.2403,0,3,8,6,Piperacillin,4,<rdkit.Chem.rdchem.Mol object at 0x000001457EB42A30>,517.1631192,192,1,3,3,4,156.43,63,36,23,7,5,0
122262,C29H32Cl2N6,535.5,C1CN(CCN1CCCN2CCN(CC2)C3=C4C=CC(=CC4=NC=C3)Cl)C5=C6C=CC(=CC6=NC=C5)Cl,C1CN(CCN1CCCN2CCN(CC2)C3=C4C=CC(=CC4=NC=C3)Cl)C5=C6C=CC(=CC6=NC=C5)Cl,5.4241,0,0,6,6,Piperaquine,4,<rdkit.Chem.rdchem.Mol object at 0x000001457EB42A80>,534.2065504,192,4,2,2,6,38.74,69,37,29,0,6,2
40632,C12H11NO,185.22,CC1=CN(C(=O)C=C1)C2=CC=CC=C2,CC1=CN(C(=O)C=C1)C2=CC=CC=C2,2.14592,0,0,1,1,Pirfenidone,3,<rdkit.Chem.rdchem.Mol object at 0x000001457EB42AD0>,185.084064,70,2,0,0,2,22,25,14,12,1,1,0
9812534,C57H87N7O15,1110.3,CCC(C)C1C(CC(=O)OC(C(=O)C(C(=O)NC(C(=O)N2CCCC2C(=O)N(C(C(=O)OC(C(C(=O)N1)NC(=O)C(CC(C)C)N(C)C(=O)C3CCCN3C(=O)C(=O)C)C)CC4=CC=C(C=C4)OC)C)CC(C)C)C)C(C)C)O,CC[C@H](C)[C@@H]1[C@H](CC(=O)O[C@H](C(=O)[C@@H](C(=O)N[C@H](C(=O)N2CCC[C@H]2C(=O)N([C@H](C(=O)O[C@@H]([C@@H](C(=O)N1)NC(=O)[C@@H](CC(C)C)N(C)C(=O)[C@@H]3CCCN3C(=O)C(=O)C)C)CC4=CC=C(C=C4)OC)C)CC(C)C)C)C(C)C)O,2.5247,0,4,15,15,Plitidepsin,1,<rdkit.Chem.rdchem.Mol object at 0x000001457EB42B20>,1109.626015,440,1,3,3,4,284.74,166,79,57,15,7,0
6917,C6H9NO,111.14,C=CN1CCCC1=O,C=CN1CCCC1=O,0.7523,0,0,1,1,Povidone,2,<rdkit.Chem.rdchem.Mol object at 0x000001457EB42B70>,111.0684139,44,0,1,1,1,20.31,17,8,6,1,1,0
410087,C6H9I2NO,364.95,C=CN1CCCC1=O.II,C=CN1CCCC1=O.II,2.5237,0,0,1,1,Povidone-iodine,2,<rdkit.Chem.rdchem.Mol object at 0x000001457EB42BC0>,364.8773599,58,0,1,1,1,20.31,19,10,6,1,1,0
6918456,C20H20FNO3S,373.4,CC(=O)OC1=CC2=C(S1)CCN(C2)C(C3=CC=CC=C3F)C(=O)C4CC4,CC(=O)OC1=CC2=C(S1)CCN(C2)C(C3=CC=CC=C3F)C(=O)C4CC4,3.891,0,0,6,6,Prasugrel,3,<rdkit.Chem.rdchem.Mol object at 0x000001457EB42C10>,373.1147927,136,2,1,2,4,46.61,46,26,20,3,1,0
4893,C19H21N5O4,383.4,COC1=C(C=C2C(=C1)C(=NC(=N2)N3CCN(CC3)C(=O)C4=CC=CO4)N)OC,COC1=C(C=C2C(=C1)C(=NC(=N2)N3CCN(CC3)C(=O)C4=CC=CO4)N)OC,1.7846,0,1,8,4,Prazosin,2,<rdkit.Chem.rdchem.Mol object at 0x000001457EB42C60>,383.1593542,146,3,1,1,4,106.95,49,28,19,4,5,0
5755,C21H28O5,360.4,CC12CC(C3C(C1CCC2(C(=O)CO)O)CCC4=CC(=O)C=CC34C)O,C[C@]12C[C@@H]([C@H]3[C@H]([C@@H]1CC[C@@]2(C(=O)CO)O)CCC4=CC(=O)C=C[C@]34C)O,1.5576,0,3,5,2,Prednisolone,3,<rdkit.Chem.rdchem.Mol object at 0x000001457EB42CB0>,360.193674,142,0,3,4,4,94.83,54,26,21,5,0,0
5865,C21H26O5,358.4,CC12CC(=O)C3C(C1CCC2(C(=O)CO)O)CCC4=CC(=O)C=CC34C,C[C@]12CC(=O)[C@H]3[C@H]([C@@H]1CC[C@@]2(C(=O)CO)O)CCC4=CC(=O)C=C[C@]34C,1.7658,0,2,5,2,Prednisone,3,<rdkit.Chem.rdchem.Mol object at 0x000001457EB42D00>,358.1780239,140,0,3,4,4,91.67,52,26,21,5,0,0
4908,C15H21N3O,259.35,CC(CCCN)NC1=C2C(=CC(=C1)OC)C=CC=N2,CC(CCCN)NC1=C2C(=CC(=C1)OC)C=CC=N2,2.7827,0,2,4,6,Primaquine,3,<rdkit.Chem.rdchem.Mol object at 0x000001457EB42D50>,259.1684623,102,2,0,0,2,60.17,40,19,15,1,3,0
5994,C21H30O2,314.5,CC(=O)C1CCC2C1(CCC3C2CCC4=CC(=O)CCC34C)C,CC(=O)[C@H]1CC[C@@H]2[C@@]1(CC[C@H]3[C@H]2CCC4=CC(=O)CC[C@]34C)C,4.7235,0,0,2,1,Progesterone,1,<rdkit.Chem.rdchem.Mol object at 0x000001457EB42DA0>,314.2245802,126,0,3,4,4,34.14,53,23,21,2,0,0
4943,C12H18O,178.27,CC(C)C1=C(C(=CC=C1)C(C)C)O,CC(C)C1=C(C(=CC=C1)C(C)C)O,3.639,0,1,1,2,Propofol,4,<rdkit.Chem.rdchem.Mol object at 0x000001457EB42DF0>,178.1357652,72,1,0,0,1,20.23,31,13,12,1,0,0
4971,C34H34N4O4,562.7,CC1=C(C2=CC3=NC(=CC4=NC(=CC5=C(C(=C(N5)C=C1N2)C=C)C)C(=C4CCC(=O)O)C)C(=C3C)CCC(=O)O)C=C,CC1=C(C2=CC3=NC(=CC4=NC(=CC5=C(C(=C(N5)C=C1N2)C=C)C)C(=C4CCC(=O)O)C)C(=C3C)CCC(=O)O)C=C,7.80864,0,4,6,8,Protoporphyrin,1,<rdkit.Chem.rdchem.Mol object at 0x000001457EB42E40>,562.2580056,214,3,0,2,5,131.96,76,42,34,4,4,0
49787172,C25H20Cl2N2O3,467.3,COC1=CC=C(C=C1)C2C3=C(CCN2C(=O)OC4=CC=C(C=C4)Cl)C5=C(N3)C=CC(=C5)Cl,COC1=CC=C(C=C1)[C@H]2C3=C(CCN2C(=O)OC4=CC=C(C=C4)Cl)C5=C(N3)C=CC(=C5)Cl,6.6298,0,1,3,4,PTC299,3,<rdkit.Chem.rdchem.Mol object at 0x000001457EB42E90>,466.0850979,162,4,0,1,5,54.56,52,32,25,3,2,2
4991,C9H13N2O2+,181.21,C[N+]1=CC=CC(=C1)OC(=O)N(C)C,C[N+]1=CC=CC(=C1)OC(=O)N(C)C,0.5715,1,0,2,2,Pyridostigmine,3,<rdkit.Chem.rdchem.Mol object at 0x000001457EB42EE0>,181.0971541,70,1,0,0,1,33.42,26,13,9,2,2,0
1054,C8H11NO3,169.18,CC1=NC=C(C(=C1O)CO)CO,CC1=NC=C(C(=C1O)CO)CO,0.08022,0,3,4,2,Pyridoxine,3,<rdkit.Chem.rdchem.Mol object at 0x000001457EB42F30>,169.0738932,66,1,0,0,1,73.58,23,12,8,3,1,0
107771,C29H32ClN5O2,518,COC1=NC2=C(C3=C(C=C(C=C3)Cl)N=C2C=C1)NC4=CC(=C(C(=C4)CN5CCCC5)O)CN6CCCC6,COC1=NC2=C(C3=C(C=C(C=C3)Cl)N=C2C=C1)NC4=CC(=C(C(=C4)CN5CCCC5)O)CN6CCCC6,6.0858,0,2,7,7,Pyronaridine,2,<rdkit.Chem.rdchem.Mol object at 0x000001457EB42F80>,517.2244529,192,4,2,2,6,73.75,69,37,29,2,5,1
5280343,C15H10O7,302.23,C1=CC(=C(C=C1C2=C(C(=O)C3=C(C=C(C=C3O2)O)O)O)O)O,C1=CC(=C(C=C1C2=C(C(=O)C3=C(C=C(C=C3O2)O)O)O)O)O,1.988,0,5,7,1,Quercetin,4,<rdkit.Chem.rdchem.Mol object at 0x000001457EB41030>,302.0426527,112,3,0,0,3,131.36,32,22,15,7,0,0
5029,C18H21N3O3S,359.4,CC1=C(C=CN=C1CS(=O)C2=NC3=CC=CC=C3N2)OCCCOC,CC1=C(C=CN=C1CS(=O)C2=NC3=CC=CC=C3N2)OCCCOC,2.98942,0,1,6,8,Rabeprazole,0,<rdkit.Chem.rdchem.Mol object at 0x000001457EB41080>,359.1303625,132,3,0,0,3,77.1,46,25,18,3,3,0
54671008,C20H21FN6O5,444.4,CC1=NN=C(O1)C(=O)NC(C)(C)C2=NC(=C(C(=O)N2C)O)C(=O)NCC3=CC=C(C=C3)F,CC1=NN=C(O1)C(=O)NC(C)(C)C2=NC(=C(C(=O)N2C)O)C(=O)NCC3=CC=C(C=C3)F,0.91152,0,3,9,6,Raltegravir,3,<rdkit.Chem.rdchem.Mol object at 0x000001457EB410D0>,444.155746,168,3,0,0,3,152.24,53,32,20,5,6,0
208902,C16H21NO2,259.34,CCC(=O)NCCC1CCC2=C1C3=C(C=C2)OCC3,CCC(=O)NCC[C@@H]1CCC2=C1C3=C(C=C2)OCC3,2.5676,0,1,2,4,Ramelteon,2,<rdkit.Chem.rdchem.Mol object at 0x000001457EB41120>,259.1572289,102,1,0,2,3,38.33,40,19,16,2,1,0
5362129,C23H32N2O5,416.5,CCOC(=O)C(CCC1=CC=CC=C1)NC(C)C(=O)N2C3CCCC3CC2C(=O)O,CCOC(=O)[C@H](CCC1=CC=CC=C1)N[C@@H](C)C(=O)N2[C@H]3CCC[C@H]3C[C@H]2C(=O)O,2.3832,0,2,6,10,Ramipril,2,<rdkit.Chem.rdchem.Mol object at 0x000001457EB41170>,416.2311221,164,1,2,2,3,95.94,62,30,23,5,2,0
121304016,C27H35N6O8P,602.6,CCC(CC)COC(=O)C(C)NP(=O)(OCC1C(C(C(O1)(C#N)C2=CC=C3N2N=CN=C3N)O)O)OC4=CC=CC=C4,CCC(CC)COC(=O)[C@H](C)N[P@](=O)(OC[C@@H]1[C@H]([C@H]([C@](O1)(C#N)C2=CC=C3N2N=CN=C3N)O)O)OC4=CC=CC=C4,2.31218,0,4,13,14,Remdesivir,3,<rdkit.Chem.rdchem.Mol object at 0x000001457EB411C0>,602.2253987,226,3,1,1,4,203.55,77,42,27,8,6,0
5702546,C37H40O9,628.7,CC1CC2(C3C4C1(C5C=C(C(=O)C5(CC(=C4)COC(=O)CC6=CC(=C(C=C6)O)OC)O)C)OC(O3)(O2)CC7=CC=CC=C7)C(=C)C,C[C@@H]1C[C@]2([C@H]3[C@H]4[C@]1([C@@H]5C=C(C(=O)[C@]5(CC(=C4)COC(=O)CC6=CC(=C(C=C6)O)OC)O)C)O[C@](O3)(O2)CC7=CC=CC=C7)C(=C)C,4.7447,0,2,9,9,Resiniferatoxin,3,<rdkit.Chem.rdchem.Mol object at 0x000001457EB41210>,628.2672329,242,2,3,5,7,120.75,86,46,37,9,0,0
445154,C14H12O3,228.24,C1=CC(=CC=C1C=CC2=CC(=CC(=C2)O)O)O,C1=CC(=CC=C1/C=C/C2=CC(=CC(=C2)O)O)O,2.9738,0,3,3,2,Resveratrol,3,<rdkit.Chem.rdchem.Mol object at 0x000001457EB41260>,228.0786442,86,2,0,0,2,60.69,29,17,14,3,0,0
37542,C8H12N4O5,244.2,C1=NC(=NN1C2C(C(C(O2)CO)O)O)C(=O)N,C1=NC(=NN1[C@H]2[C@@H]([C@@H]([C@H](O2)CO)O)O)C(=O)N,-3.0115,0,4,7,3,Ribavirin,3,<rdkit.Chem.rdchem.Mol object at 0x000001457EB412B0>,244.0807695,94,1,1,1,2,143.72,29,17,8,5,4,0
493570,C17H20N4O6,376.4,CC1=CC2=C(C=C1C)N(C3=NC(=O)NC(=O)C3=N2)CC(C(C(CO)O)O)O,CC1=CC2=C(C=C1C)N(C3=NC(=O)NC(=O)C3=N2)C[C@@H]([C@@H]([C@@H](CO)O)O)O,-1.72356,0,5,7,5,Riboflavin,3,<rdkit.Chem.rdchem.Mol object at 0x000001457EB41300>,376.1382844,144,1,0,2,3,161.56,47,27,17,6,4,0
392622,C37H48N6O5S2,720.9,CC(C)C1=NC(=CS1)CN(C)C(=O)NC(C(C)C)C(=O)NC(CC2=CC=CC=C2)CC(C(CC3=CC=CC=C3)NC(=O)OCC4=CN=CS4)O,CC(C)C1=NC(=CS1)CN(C)C(=O)N[C@@H](C(C)C)C(=O)N[C@@H](CC2=CC=CC=C2)C[C@@H]([C@H](CC3=CC=CC=C3)NC(=O)OCC4=CN=CS4)O,5.9052,0,4,9,18,Ritonavir,4,<rdkit.Chem.rdchem.Mol object at 0x000001457EB41350>,720.3127606,268,4,0,0,4,145.78,98,50,37,5,6,0
9875401,C19H18ClN3O5S,435.9,C1COCC(=O)N1C2=CC=C(C=C2)N3CC(OC3=O)CNC(=O)C4=CC=C(S4)Cl,C1COCC(=O)N1C2=CC=C(C=C2)N3C[C@@H](OC3=O)CNC(=O)C4=CC=C(S4)Cl,2.5199,0,1,6,5,Rivaroxaban,3,<rdkit.Chem.rdchem.Mol object at 0x000001457EB413A0>,435.0655694,152,2,2,2,4,88.18,47,29,19,5,3,1
446157,C22H28FN3O6S,481.5,CC(C)C1=NC(=NC(=C1C=CC(CC(CC(=O)O)O)O)C2=CC=C(C=C2)F)N(C)S(=O)(=O)C,CC(C)C1=NC(=NC(=C1/C=C/[C@H](C[C@H](CC(=O)O)O)O)C2=CC=C(C=C2)F)N(C)S(=O)(=O)C,2.4017,0,3,10,10,Rosuvastatin,3,<rdkit.Chem.rdchem.Mol object at 0x000001457EB413F0>,481.1682848,180,2,0,0,2,140.92,61,33,22,6,3,0
6915744,C41H76N2O15,837,CCC1C(C(C(C(=NOCOCCOC)C(CC(C(C(C(C(C(=O)O1)C)OC2CC(C(C(O2)C)O)(C)OC)C)OC3C(C(CC(O3)C)N(C)C)O)(C)O)C)C)O)(C)O,CC[C@@H]1[C@@]([C@@H]([C@H](/C(=N/OCOCCOC)/[C@@H](C[C@@]([C@@H]([C@H]([C@@H]([C@H](C(=O)O1)C)O[C@H]2C[C@@]([C@H]([C@@H](O2)C)O)(C)OC)C)O[C@H]3[C@@H]([C@H](C[C@H](O3)C)N(C)C)O)(C)O)C)C)O)(C)O,2.2096,0,5,17,13,Roxithromycin,4,<rdkit.Chem.rdchem.Mol object at 0x000001457EB41440>,836.5245697,340,0,3,3,3,216.89,134,58,41,15,2,0
25126798,C17H18N6,306.4,C1CCC(C1)C(CC#N)N2C=C(C=N2)C3=C4C=CNC4=NC=N3,C1CCC(C1)[C@@H](CC#N)N2C=C(C=N2)C3=C4C=CNC4=NC=N3,3.46638,0,1,4,4,Ruxolitinib,3,<rdkit.Chem.rdchem.Mol object at 0x000001457EB41490>,306.1592946,116,3,1,1,4,83.18,41,23,17,0,6,0
6326970,Se,78.97,[Se],[Se],-0.3808,0,0,0,0,Selenium,3,<rdkit.Chem.rdchem.Mol object at 0x000001457EB414E0>,79.9165213,6,0,0,0,0,0,1,1,0,0,0,0
71481097,C17H11F6N7O,443.3,C1=CN=C(C=N1)NNC(=O)C=CN2C=NC(=N2)C3=CC(=CC(=C3)C(F)(F)F)C(F)(F)F,C1=CN=C(C=N1)NNC(=O)/C=C\N2C=NC(=N2)C3=CC(=CC(=C3)C(F)(F)F)C(F)(F)F,3.3867,0,2,12,5,Selinexor,2,<rdkit.Chem.rdchem.Mol object at 0x000001457EB41530>,443.0929273,162,3,0,0,3,97.62,42,31,17,1,7,0
216327,C20H15F2NO,323.3,C1=CC=C(C=C1)C(C2=CC=C(C=C2)F)(C3=CC=C(C=C3)F)C(=O)N,C1=CC=C(C=C1)C(C2=CC=C(C=C2)F)(C3=CC=C(C=C3)F)C(=O)N,3.7845,0,1,3,4,Senicapoc,2,<rdkit.Chem.rdchem.Mol object at 0x000001457EB41580>,323.1121705,120,3,0,0,3,43.09,39,24,20,1,1,0
5206,C4H3F7O,200.05,C(OC(C(F)(F)F)C(F)(F)F)F,C(OC(C(F)(F)F)C(F)(F)F)F,2.4232,0,0,8,2,Sevoflurane,4,<rdkit.Chem.rdchem.Mol object at 0x000001457EB415D0>,200.0072123,74,0,0,0,0,9.23,15,12,4,1,0,0
135398744,C22H30N6O4S,474.6,CCCC1=NN(C2=C1N=C(NC2=O)C3=C(C=CC(=C3)S(=O)(=O)N4CCN(CC4)C)OCC)C,CCCC1=NN(C2=C1N=C(NC2=O)C3=C(C=CC(=C3)S(=O)(=O)N4CCN(CC4)C)OCC)C,1.6109,0,1,8,7,Sildenafil,2,<rdkit.Chem.rdchem.Mol object at 0x000001457EB41620>,474.2049244,178,3,1,1,4,113.42,63,33,22,4,6,0
31553,C25H22O10,482.4,COC1=C(C=CC(=C1)C2C(OC3=C(O2)C=C(C=C3)C4C(C(=O)C5=C(C=C(C=C5O4)O)O)O)CO)O,COC1=C(C=CC(=C1)[C@@H]2[C@H](OC3=C(O2)C=C(C=C3)[C@@H]4[C@H](C(=O)C5=C(C=C(C=C5O4)O)O)O)CO)O,2.3627,0,5,10,4,Silibinin,3,<rdkit.Chem.rdchem.Mol object at 0x000001457EB41670>,482.1212969,182,3,0,2,5,155.14,57,35,25,10,0,0
23954,Ag,107.868,[Ag],[Ag],-0.0025,0,0,0,0,Silver,3,<rdkit.Chem.rdchem.Mol object at 0x000001457EB416C0>,106.905097,11,0,0,0,0,0,1,1,0,0,0,0
54454,C25H38O5,418.6,CCC(C)(C)C(=O)OC1CC(C=C2C1C(C(C=C2)C)CCC3CC(CC(=O)O3)O)C,CCC(C)(C)C(=O)O[C@H]1C[C@H](C=C2[C@H]1[C@H]([C@H](C=C2)C)CC[C@@H]3C[C@H](CC(=O)O3)O)C,4.5856,0,1,5,7,Simvastatin,3,<rdkit.Chem.rdchem.Mol object at 0x000001457EB41710>,418.2719243,168,0,1,3,3,72.83,68,30,25,5,0,0
5284616,C51H79NO13,914.2,CC1CCC2CC(C(=CC=CC=CC(CC(C(=O)C(C(C(=CC(C(=O)CC(OC(=O)C3CCCCN3C(=O)C(=O)C1(O2)O)C(C)CC4CCC(C(C4)OC)O)C)C)O)OC)C)C)C)OC,C[C@@H]1CC[C@H]2C[C@@H](/C(=C/C=C/C=C/[C@H](C[C@H](C(=O)[C@@H]([C@@H](/C(=C/[C@H](C(=O)C[C@H](OC(=O)[C@@H]3CCCCN3C(=O)C(=O)[C@@]1(O2)O)[C@H](C)C[C@@H]4CC[C@H]([C@@H](C4)OC)O)C)/C)O)OC)C)C)/C)OC,6.1806,0,3,13,6,Sirolimus,2,<rdkit.Chem.rdchem.Mol object at 0x000001457EB41760>,913.5551416,366,0,3,4,4,195.43,144,65,51,13,1,0
4369359,C16H15F6N5O,407.31,C1CN2C(=NN=C2C(F)(F)F)CN1C(=O)CC(CC3=CC(=C(C=C3F)F)F)N,C1CN2C(=NN=C2C(F)(F)F)CN1C(=O)C[C@@H](CC3=CC(=C(C=C3F)F)F)N,2.0165,0,1,10,4,Sitagliptin,3,<rdkit.Chem.rdchem.Mol object at 0x000001457EB417B0>,407.1180794,152,2,0,1,3,77.04,43,28,16,1,5,0
5234,ClNa,58.44,[Na+].[Cl-],[Na+].[Cl-],-5.992,0,0,1,0,Sodium%20chloride,2,<rdkit.Chem.rdchem.Mol object at 0x000001457EB41800>,57.95862196,8,0,0,0,0,0,2,2,0,0,0,1
45375808,C22H29FN3O9P,529.5,CC(C)OC(=O)C(C)NP(=O)(OCC1C(C(C(O1)N2C=CC(=O)NC2=O)(C)F)O)OC3=CC=CC=C3,C[C@@H](C(=O)OC(C)C)N[P@](=O)(OC[C@@H]1[C@H]([C@@]([C@@H](O1)N2C=CC(=O)NC2=O)(C)F)O)OC3=CC=CC=C3,1.6565,0,3,11,11,Sofosbuvir,3,<rdkit.Chem.rdchem.Mol object at 0x000001457EB41850>,529.1625444,198,2,1,1,3,158.18,65,36,22,9,3,0
91864495,C82H119N23O27S2,1923.1,CC1C(=O)NC(C(=O)NC(C(=O)NC(C(=O)N2CCCC2C(=O)NC(C(=O)NC(C(=O)NC(CSSCC(C(=O)NCC(=O)NC(C(=O)NC(C(=O)NC(C(=O)NC(C(=O)N3CCCC3C(=O)NC(C(=O)NCC(=O)N1)CCC(=O)O)C(C)O)CCC(=O)O)CCCNC(=N)N)CCC(=O)N)N)C(=O)O)CC4=CC=C(C=C4)O)CC5=CNC6=CC=CC=C65)CCCCN)C)CCC(=O)O,C[C@H]1C(=O)N[C@H](C(=O)N[C@H](C(=O)N[C@H](C(=O)N2CCC[C@H]2C(=O)N[C@H](C(=O)N[C@H](C(=O)N[C@@H](CSSC[C@@H](C(=O)NCC(=O)N[C@H](C(=O)N[C@H](C(=O)N[C@H](C(=O)N[C@H](C(=O)N3CCC[C@H]3C(=O)N[C@H](C(=O)NCC(=O)N1)CCC(=O)O)[C@@H](C)O)CCC(=O)O)CCCNC(=N)N)CCC(=O)N)N)C(=O)O)CC4=CC=C(C=C4)O)CC5=CNC6=CC=CC=C65)CCCCN)C)CCC(=O)O,-7.82963,0,27,32,27,Solnatide,2,<rdkit.Chem.rdchem.Mol object at 0x000001457EB418A0>,1921.808718,736,3,3,3,6,810.5,253,134,82,27,23,0
5833,C24H32O4S,416.6,CC(=O)SC1CC2=CC(=O)CCC2(C3C1C4CCC5(C4(CC3)C)CCC(=O)O5)C,CC(=O)S[C@@H]1CC2=CC(=O)CC[C@@]2([C@@H]3[C@@H]1[C@@H]4CC[C@]5([C@]4(CC3)C)CCC(=O)O5)C,4.8523,0,0,5,2,Spironolactone,4,<rdkit.Chem.rdchem.Mol object at 0x000001457EB418F0>,416.2021305,158,0,4,5,5,60.44,61,29,24,4,0,0
5329,C10H11N3O3S,253.28,CC1=CC(=NO1)NS(=O)(=O)C2=CC=C(C=C2)N,CC1=CC(=NO1)NS(=O)(=O)C2=CC=C(C=C2)N,1.36602,0,2,6,3,Sulfamethoxazole,2,<rdkit.Chem.rdchem.Mol object at 0x000001457EB41940>,253.0521122,90,2,0,0,2,98.22,28,17,10,3,3,0
6453528,C12H17N5O4,295.29,CNC1=C2C(=NC=N1)N(C=N2)C3C(C(C(O3)CO)O)OC,CNC1=C2C(=NC=N1)N(C=N2)[C@H]3[C@@H]([C@@H]([C@H](O3)CO)O)OC,-0.8664,0,3,8,4,Sulodexide,3,<rdkit.Chem.rdchem.Mol object at 0x000001457EB41990>,295.128054,114,2,1,1,3,114.55,38,21,12,4,5,0
5361,C51H40N6O23S6,1297.3,CC1=C(C=C(C=C1)C(=O)NC2=C3C(=CC(=CC3=C(C=C2)S(=O)(=O)O)S(=O)(=O)O)S(=O)(=O)O)NC(=O)C4=CC(=CC=C4)NC(=O)NC5=CC=CC(=C5)C(=O)NC6=C(C=CC(=C6)C(=O)NC7=C8C(=CC(=CC8=C(C=C7)S(=O)(=O)O)S(=O)(=O)O)S(=O)(=O)O)C,CC1=C(C=C(C=C1)C(=O)NC2=C3C(=CC(=CC3=C(C=C2)S(=O)(=O)O)S(=O)(=O)O)S(=O)(=O)O)NC(=O)C4=CC(=CC=C4)NC(=O)NC5=CC=CC(=C5)C(=O)NC6=C(C=CC(=C6)C(=O)NC7=C8C(=CC(=CC8=C(C=C7)S(=O)(=O)O)S(=O)(=O)O)S(=O)(=O)O)C,6.74324,0,12,23,16,Suramin,0,<rdkit.Chem.rdchem.Mol object at 0x000001457EB419E0>,1296.046908,448,8,0,0,8,483.75,126,86,51,23,6,0
445643,C44H69NO12,804,CC1CC(C2C(CC(C(O2)(C(=O)C(=O)N3CCCCC3C(=O)OC(C(C(CC(=O)C(C=C(C1)C)CC=C)O)C)C(=CC4CCC(C(C4)OC)O)C)O)C)OC)OC,C[C@@H]1C[C@@H]([C@@H]2[C@H](C[C@H]([C@@](O2)(C(=O)C(=O)N3CCCC[C@H]3C(=O)O[C@@H]([C@@H]([C@H](CC(=O)[C@@H](/C=C(/C1)\C)CC=C)O)C)/C(=C/[C@@H]4CC[C@H]([C@@H](C4)OC)O)/C)O)C)OC)OC,4.639,0,3,12,7,Tacrolimus,3,<rdkit.Chem.rdchem.Mol object at 0x000001457EB41A30>,803.4819766,322,0,3,4,4,178.36,126,57,44,12,1,0
2733526,C26H29NO,371.5,CCC(=C(C1=CC=CC=C1)C2=CC=C(C=C2)OCCN(C)C)C3=CC=CC=C3,CC/C(=C(\C1=CC=CC=C1)/C2=CC=C(C=C2)OCCN(C)C)/C3=CC=CC=C3,5.9961,0,0,2,8,Tamoxifen,2,<rdkit.Chem.rdchem.Mol object at 0x000001457EB41A80>,371.2249145,144,3,0,0,3,12.47,57,28,26,1,1,0
123630,C10H12N4O5S,300.29,CC1(C(N2C(S1(=O)=O)CC2=O)C(=O)O)CN3C=CN=N3,C[C@@]1([C@@H](N2[C@H](S1(=O)=O)CC2=O)C(=O)O)CN3C=CN=N3,-1.5232,0,1,7,3,Tazobactam,4,<rdkit.Chem.rdchem.Mol object at 0x000001457EB41AD0>,300.0528405,108,1,2,2,3,122.46,32,20,10,5,4,0
73774610,C28H30F2N6O8S,648.6,C1=CC(=CC(=C1)F)C2=CN(N=N2)C3C(C(OC(C3O)SC4C(C(C(C(O4)CO)O)N5C=C(N=N5)C6=CC(=CC=C6)F)O)CO)O,C1=CC(=CC(=C1)F)C2=CN(N=N2)[C@H]3[C@H]([C@H](O[C@H]([C@@H]3O)S[C@H]4[C@@H]([C@H]([C@H]([C@H](O4)CO)O)N5C=C(N=N5)C6=CC(=CC=C6)F)O)CO)O,-0.1246,0,6,15,8,TD-139,3,<rdkit.Chem.rdchem.Mol object at 0x000001457EB41B20>,648.1813894,240,4,2,2,6,201.26,75,45,28,8,6,0
133065662,C88H97Cl2N9O33,1879.7,CCCCCCCCCC(=O)NC1C(C(C(OC1OC2=C3C=C4C=C2OC5=C(C=C(C=C5)C(C6C(=O)NC(C7=C(C(=CC(=C7)O)OC8C(C(C(C(O8)CO)O)O)O)C9=C(C=CC(=C9)C(C(=O)N6)NC(=O)C4NC(=O)C1C2=CC(=CC(=C2)OC2=C(C=CC(=C2)C(C(=O)NC(CC2=CC(=C(O3)C=C2)Cl)C(=O)N1)N)O)O)O)C(=O)O)OC1C(C(C(C(O1)CO)O)O)NC(=O)C)Cl)CO)O)O,CCCCCCCCCC(=O)N[C@@H]1[C@H]([C@@H]([C@H](O[C@H]1OC2=C3C=C4C=C2OC5=C(C=C(C=C5)[C@H]([C@H]6C(=O)N[C@@H](C7=C(C(=CC(=C7)O)OC8[C@H]([C@H]([C@@H]([C@H](O8)CO)O)O)O)C9=C(C=CC(=C9)[C@H](C(=O)N6)NC(=O)[C@@H]4NC(=O)[C@@H]1C2=CC(=CC(=C2)OC2=C(C=CC(=C2)[C@H](C(=O)N[C@H](CC2=CC(=C(O3)C=C2)Cl)C(=O)N1)N)O)O)O)C(=O)O)O[C@H]1[C@@H]([C@H]([C@@H]([C@H](O1)CO)O)O)NC(=O)C)Cl)CO)O)O,1.1636,0,24,34,20,Teicoplanin,3,<rdkit.Chem.rdchem.Mol object at 0x000001457EB41B70>,1877.556582,706,7,3,9,16,662.41,229,132,88,33,9,2
65999,C33H30N4O2,514.6,CCCC1=NC2=C(N1CC3=CC=C(C=C3)C4=CC=CC=C4C(=O)O)C=C(C=C2C)C5=NC6=CC=CC=C6N5C,CCCC1=NC2=C(N1CC3=CC=C(C=C3)C4=CC=CC=C4C(=O)O)C=C(C=C2C)C5=NC6=CC=CC=C6N5C,7.26442,0,1,4,7,Telmisartan,3,<rdkit.Chem.rdchem.Mol object at 0x000001457EB41BC0>,514.2368762,194,6,0,0,6,72.94,69,39,33,2,4,0
464205,C9H14N5O4P,287.21,CC(CN1C=NC2=C(N=CN=C21)N)OCP(=O)(O)O,C[C@H](CN1C=NC2=C(N=CN=C21)N)OCP(=O)(O)O,-0.0512,0,3,8,5,Tenofovir,3,<rdkit.Chem.rdchem.Mol object at 0x000001457EB41C10>,287.0783406,104,2,0,0,2,136.38,33,19,9,4,5,0
9574768,C21H29N6O5P,476.5,CC(C)OC(=O)C(C)NP(=O)(COC(C)CN1C=NC2=C(N=CN=C21)N)OC3=CC=CC=C3,C[C@H](CN1C=NC2=C(N=CN=C21)N)OC[P@@](=O)(N[C@@H](C)C(=O)OC(C)C)OC3=CC=CC=C3,2.9729,0,2,10,12,Tenofovir%20alafenamide,3,<rdkit.Chem.rdchem.Mol object at 0x000001457EB41C60>,476.1937047,178,3,0,0,3,143.48,62,33,21,5,6,0
5481350,C19H30N5O10P,519.4,CC(C)OC(=O)OCOP(=O)(COC(C)CN1C=NC2=C(N=CN=C21)N)OCOC(=O)OC(C)C,C[C@H](CN1C=NC2=C(N=CN=C21)N)OCP(=O)(OCOC(=O)OC(C)C)OCOC(=O)OC(C)C,3.0356,0,1,14,17,Tenofovir%20disoproxil,3,<rdkit.Chem.rdchem.Mol object at 0x000001457EB41CB0>,519.1730288,196,2,0,0,2,185.44,65,35,19,10,5,0
73078,C38H42N2O6,622.7,CN1CCC2=CC(=C3C=C2C1CC4=CC=C(C=C4)OC5=C(C=CC(=C5)CC6C7=C(O3)C(=C(C=C7CCN6C)OC)OC)OC)OC,CN1CCC2=CC(=C3C=C2[C@@H]1CC4=CC=C(C=C4)OC5=C(C=CC(=C5)C[C@H]6C7=C(O3)C(=C(C=C7CCN6C)OC)OC)OC)OC,7.1624,0,0,8,4,Tetrandrine,4,<rdkit.Chem.rdchem.Mol object at 0x000001457EB41D00>,622.3042871,240,4,0,4,8,61.86,88,46,38,6,2,0
5426,C13H10N2O4,258.23,C1CC(=O)NC(=O)C1N2C(=O)C3=CC=CC=C3C2=O,C1CC(=O)NC(=O)C1N2C(=O)C3=CC=CC=C3C2=O,0.0878,0,1,4,1,Thalidomide,3,<rdkit.Chem.rdchem.Mol object at 0x000001457EB41D50>,258.0640568,96,1,1,2,3,83.55,29,19,13,4,2,0
1130,C12H17N4OS+,265.36,CC1=C(SC=[N+]1CC2=CN=C(N=C2N)C)CCO,CC1=C(SC=[N+]1CC2=CN=C(N=C2N)C)CCO,0.60774,1,2,5,4,Thiamine,3,<rdkit.Chem.rdchem.Mol object at 0x000001457EB41DA0>,265.1117586,96,2,0,0,2,75.91,35,18,12,1,4,0
16130571,C129H215N33O55,3108.3,CCC(C)C(C(=O)NC(C(C)O)C(=O)NC(C(C)O)C(=O)NC(CCCCN)C(=O)NC(CC(=O)O)C(=O)NC(CC(C)C)C(=O)NC(CCCCN)C(=O)NC(CCC(=O)O)C(=O)NC(CCCCN)C(=O)NC(CCCCN)C(=O)NC(CCC(=O)O)C(=O)NC(C(C)C)C(=O)NC(C(C)C)C(=O)NC(CCC(=O)O)C(=O)NC(CCC(=O)O)C(=O)NC(C)C(=O)NC(CCC(=O)O)C(=O)NC(CC(=O)N)C(=O)O)NC(=O)C(CCC(=O)O)NC(=O)C(CO)NC(=O)C(CO)NC(=O)C(C(C)O)NC(=O)C(CC(=O)O)NC(=O)C(C(C)C)NC(=O)C(C)NC(=O)C(C)NC(=O)C(CC(=O)O)NC(=O)C(CO)NC(=O)C,CC[C@H](C)[C@@H](C(=O)N[C@@H]([C@@H](C)O)C(=O)N[C@@H]([C@@H](C)O)C(=O)N[C@@H](CCCCN)C(=O)N[C@@H](CC(=O)O)C(=O)N[C@@H](CC(C)C)C(=O)N[C@@H](CCCCN)C(=O)N[C@@H](CCC(=O)O)C(=O)N[C@@H](CCCCN)C(=O)N[C@@H](CCCCN)C(=O)N[C@@H](CCC(=O)O)C(=O)N[C@@H](C(C)C)C(=O)N[C@@H](C(C)C)C(=O)N[C@@H](CCC(=O)O)C(=O)N[C@@H](CCC(=O)O)C(=O)N[C@@H](C)C(=O)N[C@@H](CCC(=O)O)C(=O)N[C@@H](CC(=O)N)C(=O)O)NC(=O)[C@H](CCC(=O)O)NC(=O)[C@H](CO)NC(=O)[C@H](CO)NC(=O)[C@H]([C@@H](C)O)NC(=O)[C@H](CC(=O)O)NC(=O)[C@H](C(C)C)NC(=O)[C@H](C)NC(=O)[C@H](C)NC(=O)[C@H](CC(=O)O)NC(=O)[C@H](CO)NC(=O)C,-18.0912,0,49,59,111,Thymalfasin,3,<rdkit.Chem.rdchem.Mol object at 0x000001457EB41DF0>,3106.504128,1226,0,0,0,0,1456.35,432,217,129,55,33,0
772,C26H42N2O37S5,1134.9,CC(=O)NC1C(C(C(OC1O)COS(=O)(=O)O)OC2C(C(C(C(O2)C(=O)O)OC3C(C(C(C(O3)CO)OC4C(C(C(C(O4)C(=O)O)O)O)OS(=O)(=O)O)OS(=O)(=O)O)NS(=O)(=O)O)O)OS(=O)(=O)O)O,CC(=O)NC1C(C(C(OC1O)COS(=O)(=O)O)OC2C(C(C(C(O2)C(=O)O)OC3C(C(C(C(O3)CO)OC4C(C(C(C(O4)C(=O)O)O)O)OS(=O)(=O)O)OS(=O)(=O)O)NS(=O)(=O)O)O)OS(=O)(=O)O)O,-10.7119,0,15,38,21,Tinzaparin,4,<rdkit.Chem.rdchem.Mol object at 0x000001457EB41E40>,1134.006995,408,0,4,4,4,610.49,112,70,26,37,2,0
60947,C22H36N2O5S,440.6,CCCCS(=O)(=O)NC(CC1=CC=C(C=C1)OCCCCC2CCNCC2)C(=O)O,CCCCS(=O)(=O)N[C@@H](CC1=CC=C(C=C1)OCCCCC2CCNCC2)C(=O)O,2.9505,0,3,7,14,Tirofiban,2,<rdkit.Chem.rdchem.Mol object at 0x000001457EB41E90>,440.2344933,170,1,1,1,2,104.73,66,30,22,5,2,0
53361968,C38H53N5O7S2,756,CC(C)CN(CC(C(CC1=CC=CC=C1)NC(=O)OC2COC3C2CCO3)O)S(=O)(=O)C4=CC5=C(C=C4)N=C(S5)NC6CCN(CC6)C7CCCC7,CC(C)CN(C[C@H]([C@H](CC1=CC=CC=C1)NC(=O)O[C@H]2CO[C@@H]3[C@H]2CCO3)O)S(=O)(=O)C4=CC5=C(C=C4)N=C(S5)NC6CCN(CC6)C7CCCC7,5.2217,0,3,12,15,TMC-310911,3,<rdkit.Chem.rdchem.Mol object at 0x000001457EB41EE0>,755.338641,284,3,4,4,7,142.56,105,52,38,7,5,0
9926791,C16H20N6O,312.37,CC1CCN(CC1N(C)C2=NC=NC3=C2C=CN3)C(=O)CC#N,C[C@@H]1CCN(C[C@@H]1N(C)C2=NC=NC3=C2C=CN3)C(=O)CC#N,1.54478,0,1,5,3,Tofacitinib,2,<rdkit.Chem.rdchem.Mol object at 0x000001457EB41F30>,312.1698593,120,2,1,1,3,88.91,43,23,16,1,6,0
9916461,C28H16ClF6N5O,587.9,C1=CC=C(C(=C1)C(=O)C2=C(N=CC=C2)C3=C(N(N=N3)CC4=CC(=CC(=C4)C(F)(F)F)C(F)(F)F)C5=CC=NC=C5)Cl,C1=CC=C(C(=C1)C(=O)C2=C(N=CC=C2)C3=C(N(N=N3)CC4=CC(=CC(=C4)C(F)(F)F)C(F)(F)F)C5=CC=NC=C5)Cl,7.3724,0,0,11,6,Tradipitant,3,<rdkit.Chem.rdchem.Mol object at 0x000001457EB41F80>,587.0947571,208,5,0,0,5,73.56,57,41,28,1,5,1
33741,C16H25NO2,263.37,CN(C)CC1CCCCC1(C2=CC(=CC=C2)OC)O,CN(C)C[C@H]1CCCC[C@@]1(C2=CC(=CC=C2)OC)O,2.6346,0,1,3,4,Tramadol,2,<rdkit.Chem.rdchem.Mol object at 0x000001457EB40030>,263.188529,106,1,1,1,2,32.7,44,19,16,2,1,0
5526,C8H15NO2,157.21,C1CC(CCC1CN)C(=O)O,C1CC(CCC1CN)C(=O)O,0.8361,0,2,3,2,Tranexamic%20acid,2,<rdkit.Chem.rdchem.Mol object at 0x000001457EB40080>,157.1102787,64,0,1,1,1,63.32,26,11,8,2,1,0
5282230,C18H17NO5,327.3,COC1=C(C=C(C=C1)C=CC(=O)NC2=CC=CC=C2C(=O)O)OC,COC1=C(C=C(C=C1)/C=C/C(=O)NC2=CC=CC=C2C(=O)O)OC,3.0539,0,2,5,6,Tranilast,4,<rdkit.Chem.rdchem.Mol object at 0x000001457EB400D0>,327.1106726,124,2,0,0,2,84.86,41,24,18,5,1,0
5281232,C20H24O4,328.4,CC(=CC=CC=C(C)C=CC=C(C)C(=O)O)C=CC=C(C)C(=O)O,C/C(=C\C=C\C=C(\C=C\C=C(\C(=O)O)/C)/C)/C=C/C=C(/C(=O)O)\C,4.6094,0,2,4,8,Transcrocetinate,2,<rdkit.Chem.rdchem.Mol object at 0x000001457EB40120>,328.1674592,128,0,0,0,0,74.6,48,24,20,4,0,0
444795,C20H28O2,300.4,CC1=C(C(CCC1)(C)C)C=CC(=CC=CC(=CC(=O)O)C)C,CC1=C(C(CCC1)(C)C)/C=C/C(=C/C=C/C(=C/C(=O)O)/C)/C,5.6026,0,1,2,5,Tretinoin,2,<rdkit.Chem.rdchem.Mol object at 0x000001457EB40170>,300.2089301,120,0,0,1,1,37.3,50,22,20,2,0,0
52947239,C5H7N6NaO5S,286.2,CSC1=NN2C(=C(N=NC2=N1)[N+](=O)[O-])[O-].O.O.[Na+],CSC1=NN2C(=C(N=NC2=N1)[N+](=O)[O-])[O-].O.O.[Na+],-5.4224,0,2,10,1,Triazavirin,3,<rdkit.Chem.rdchem.Mol object at 0x000001457EB401C0>,286.0096326,94,2,0,0,2,185.17,25,18,5,5,6,0
16131138,C75H106N20O19S,1623.8,CC(C)C(C(=O)O)NC(=O)C1CCCN1C(=O)C(CCCCN)NC(=O)CNC(=O)C(CC2=CNC3=CC=CC=C32)NC(=O)C(CCCNC(=N)N)NC(=O)C(CC4=CC=CC=C4)NC(=O)C(CC5=CN=CN5)NC(=O)C(CCC(=O)O)NC(=O)C(CCSC)NC(=O)C(CO)NC(=O)C(CC6=CC=C(C=C6)O)NC(=O)C(CO)N,CC(C)[C@@H](C(=O)O)NC(=O)[C@@H]1CCCN1C(=O)[C@H](CCCCN)NC(=O)CNC(=O)[C@H](CC2=CNC3=CC=CC=C32)NC(=O)[C@H](CCCNC(=N)N)NC(=O)[C@H](CC4=CC=CC=C4)NC(=O)[C@H](CC5=CN=CN5)NC(=O)[C@H](CCC(=O)O)NC(=O)[C@H](CCSC)NC(=O)[C@H](CO)NC(=O)[C@H](CC6=CC=C(C=C6)O)NC(=O)[C@H](CO)N,-4.11493,0,23,24,50,Tridecactide,3,<rdkit.Chem.rdchem.Mol object at 0x000001457EB40210>,1622.766382,626,5,1,1,6,634.11,221,115,75,19,20,0
5566,C21H24F3N3S,407.5,CN1CCN(CC1)CCCN2C3=CC=CC=C3SC4=C2C=C(C=C4)C(F)(F)F,CN1CCN(CC1)CCCN2C3=CC=CC=C3SC4=C2C=C(C=C4)C(F)(F)F,4.9456,0,0,7,4,Trifluoperazine,3,<rdkit.Chem.rdchem.Mol object at 0x000001457EB40260>,407.1643034,150,2,1,2,4,9.72,52,28,21,0,3,0
5578,C14H18N4O3,290.32,COC1=CC(=CC(=C1OC)OC)CC2=CN=C(N=C2N)N,COC1=CC(=CC(=C1OC)OC)CC2=CN=C(N=C2N)N,1.2576,0,2,7,5,Trimethoprim,2,<rdkit.Chem.rdchem.Mol object at 0x000001457EB402B0>,290.1378904,112,2,0,0,2,105.51,39,21,14,3,4,0
969516,C21H20O6,368.4,COC1=C(C=CC(=C1)C=CC(=O)CC(=O)C=CC2=CC(=C(C=C2)O)OC)O,COC1=C(C=CC(=C1)/C=C/C(=O)CC(=O)/C=C/C2=CC(=C(C=C2)O)OC)O,3.3699,0,2,6,8,Turmeric,4,<rdkit.Chem.rdchem.Mol object at 0x000001457EB40300>,368.1259884,140,2,0,0,2,93.06,47,27,21,6,0,0
969516,C21H20O6,368.4,COC1=C(C=CC(=C1)C=CC(=O)CC(=O)C=CC2=CC(=C(C=C2)O)OC)O,COC1=C(C=CC(=C1)/C=C/C(=O)CC(=O)/C=C/C2=CC(=C(C=C2)O)OC)O,3.3699,0,2,6,8,Turmeric%20oil,0,<rdkit.Chem.rdchem.Mol object at 0x000001457EB40350>,368.1259884,140,2,0,0,2,93.06,47,27,21,6,0,0
105102,C13H16O3,220.26,C1CC2(CC=C1)COC(OC2)C3=CC=CO3,C1CC2(CC=C1)COC(OC2)C3=CC=CO3,3.0515,0,0,3,1,Ulinastatin,2,<rdkit.Chem.rdchem.Mol object at 0x000001457EB403A0>,220.1099444,86,1,1,2,3,31.6,32,16,13,3,0,0
131411,C22H25BrN2O3S,477.4,CCOC(=O)C1=C(N(C2=CC(=C(C(=C21)CN(C)C)O)Br)C)CSC3=CC=CC=C3,CCOC(=O)C1=C(N(C2=CC(=C(C(=C21)CN(C)C)O)Br)C)CSC3=CC=CC=C3,5.177,0,1,5,8,Umifenovir,3,<rdkit.Chem.rdchem.Mol object at 0x000001457EB403F0>,476.0769258,154,3,0,0,3,54.7,54,29,22,3,2,0
23634441,C14H11ClN2O4,306.7,C1=CC(=CC(=C1)Cl)C2=CC(=C(N=C2)C(=O)NCC(=O)O)O,C1=CC(=CC(=C1)Cl)C2=CC(=C(N=C2)C(=O)NCC(=O)O)O,1.922,0,3,5,4,Vadadustat,2,<rdkit.Chem.rdchem.Mol object at 0x000001457EB40440>,306.0407345,108,2,0,0,2,99.52,32,21,14,4,2,1
60846,C24H29N5O3,435.5,CCCCC(=O)N(CC1=CC=C(C=C1)C2=CC=CC=C2C3=NNN=N3)C(C(C)C)C(=O)O,CCCCC(=O)N(CC1=CC=C(C=C1)C2=CC=CC=C2C3=NNN=N3)[C@@H](C(C)C)C(=O)O,4.1617,0,2,6,10,Valsartan,4,<rdkit.Chem.rdchem.Mol object at 0x000001457EB40490>,435.2270398,168,3,0,0,3,112.07,61,32,24,3,5,0
67683363,C49H54N8O8,883,CC1CCC(N1C(=O)C(C(C)C)NC(=O)OC)C2=NC3=C(N2)C=CC4=CC5=C(C=C43)OCC6=C5C=CC(=C6)C7=CN=C(N7)C8CC(CN8C(=O)C(C9=CC=CC=C9)NC(=O)OC)COC,C[C@H]1CC[C@H](N1C(=O)[C@H](C(C)C)NC(=O)OC)C2=NC3=C(N2)C=CC4=CC5=C(C=C43)OCC6=C5C=CC(=C6)C7=CN=C(N7)[C@@H]8C[C@@H](CN8C(=O)[C@@H](C9=CC=CC=C9)NC(=O)OC)COC,7.7315,0,4,10,13,Velpatasvir,3,<rdkit.Chem.rdchem.Mol object at 0x000001457EB404E0>,882.4064607,338,6,2,3,9,193.1,119,65,49,8,8,0
2520,C27H38N2O4,454.6,CC(C)C(CCCN(C)CCC1=CC(=C(C=C1)OC)OC)(C#N)C2=CC(=C(C=C2)OC)OC,CC(C)C(CCCN(C)CCC1=CC(=C(C=C1)OC)OC)(C#N)C2=CC(=C(C=C2)OC)OC,5.09308,0,0,6,13,Verapamil,3,<rdkit.Chem.rdchem.Mol object at 0x000001457EB40530>,454.2831577,180,2,0,0,2,63.95,71,33,27,4,2,0
9820008,C20H18FNO4,355.4,COC1=CC=CC(=C1)C2=CC(=C(C=C2)NC(=O)C3=C(CCC3)C(=O)O)F,COC1=CC=CC(=C1)C2=CC(=C(C=C2)NC(=O)C3=C(CCC3)C(=O)O)F,4.0049,0,2,5,5,Vidofludimus,3,<rdkit.Chem.rdchem.Mol object at 0x000001457EB40580>,355.1219863,134,2,0,1,3,75.63,44,26,20,4,1,0
445354,C20H30O,286.5,CC1=C(C(CCC1)(C)C)C=CC(=CC=CC(=CCO)C)C,CC1=C(C(CCC1)(C)C)/C=C/C(=C/C=C/C(=C/CO)/C)/C,5.5103,0,1,1,5,Vitamin%20A,3,<rdkit.Chem.rdchem.Mol object at 0x000001457EB405D0>,286.2296656,116,0,0,1,1,20.23,51,21,20,1,0,0
5280795,C27H44O,384.6,CC(C)CCCC(C)C1CCC2C1(CCCC2=CC=C3CC(CCC3=C)O)C,C[C@H](CCCC(C)C)[C@H]1CC[C@@H]\2[C@@]1(CCC/C2=C\C=C/3\C[C@H](CCC3=C)O)C,7.619,0,1,1,6,Vitamin%20D,3,<rdkit.Chem.rdchem.Mol object at 0x000001457EB40620>,384.339216,158,0,3,3,3,20.23,72,28,27,1,0,0
14985,C29H50O2,430.7,CC1=C(C2=C(CCC(O2)(C)CCCC(C)CCCC(C)CCCC(C)C)C(=C1O)C)C,CC1=C(C2=C(CC[C@@](O2)(C)CCC[C@H](C)CCC[C@H](C)CCCC(C)C)C(=C1O)C)C,8.84026,0,1,2,12,Vitamin%20E,3,<rdkit.Chem.rdchem.Mol object at 0x000001457EB40670>,430.3810808,178,1,0,1,2,29.46,81,31,29,2,0,0
66524,C11H11NO,173.21,CC1=C(C2=CC=CC=C2C(=C1)O)N,CC1=C(C2=CC=CC=C2C(=C1)O)N,2.43602,0,2,2,0,Vitamin%20K7,2,<rdkit.Chem.rdchem.Mol object at 0x000001457EB406C0>,173.084064,66,2,0,0,2,46.25,24,13,11,1,1,0
962,H2O,18.015,O,O,-0.8247,0,1,1,0,Water,2,<rdkit.Chem.rdchem.Mol object at 0x000001457EB40710>,18.01056468,8,0,0,0,0,31.5,3,1,0,1,0,0
1110,C4H6O4,118.09,C(CC(=O)O)C(=O)O,C(CC(=O)O)C(=O)O,-0.0642,0,2,4,3,Wormwood,2,<rdkit.Chem.rdchem.Mol object at 0x000001457EB40760>,118.0266087,46,0,0,0,0,74.6,14,8,4,4,0,0
8969,C21H26N2O3,354.4,COC(=O)C1C(CCC2C1CC3C4=C(CCN3C2)C5=CC=CC=C5N4)O,COC(=O)[C@H]1[C@H](CC[C@@H]2[C@@H]1C[C@H]3C4=C(CCN3C2)C5=CC=CC=C5N4)O,2.6471,0,2,4,2,Yohimbine,1,<rdkit.Chem.rdchem.Mol object at 0x000001457EB407B0>,354.1943427,138,2,2,3,5,65.56,52,26,21,3,2,0
135565884,C27H29N5O3,471.5,C=CC(=O)N1CCC(CC1)C2CCNC3=C(C(=NN23)C4=CC=C(C=C4)OC5=CC=CC=C5)C(=O)N,C=CC(=O)N1CCC(CC1)[C@@H]2CCNC3=C(C(=NN23)C4=CC=C(C=C4)OC5=CC=CC=C5)C(=O)N,4.2226,0,2,5,6,Zanubrutinib,2,<rdkit.Chem.rdchem.Mol object at 0x000001457EB40800>,471.2270398,180,3,1,2,5,102.48,64,35,27,3,5,0
133083018,C172H278N24O55,3562,CCCCCCCCCCCCCCCC(=O)NC(CCC(=O)NCCOCCOCCOCCOCCOCCOCCOCCOCCOCCOCCOCCOCCOCCOCCOCCOCCOCCOCCOCCOCCOCCOCCOCCOCCC(=O)NCCCCC(C(=O)O)NC(=O)C(C1CCCCC1)NC(=O)C2CCCN2C(=O)C(CC3=CC=C(C=C3)O)NC(=O)C(CCC(=O)O)NC(=O)C(CC4=CNC5=C4C=CC=N5)NC(=O)C(CC6=CC=C(C=C6)O)NC(=O)C(C(C)(C)C)NC(=O)C(CC(=O)O)N(C)C(=O)C7CC(=O)NCCCCC(C(=O)NC(C(=O)NC(C(=O)NC(C(=O)NC(C(=O)N7)CC8=CC=CC=C8)CCCNC(=N)N)CCC(=O)O)C(C)C)NC(=O)C)C(=O)O,CCCCCCCCCCCCCCCC(=O)N[C@@H](CCC(=O)NCCOCCOCCOCCOCCOCCOCCOCCOCCOCCOCCOCCOCCOCCOCCOCCOCCOCCOCCOCCOCCOCCOCCOCCOCCC(=O)NCCCC[C@@H](C(=O)O)NC(=O)[C@H](C1CCCCC1)NC(=O)[C@@H]2CCCN2C(=O)[C@H](CC3=CC=C(C=C3)O)NC(=O)[C@H](CCC(=O)O)NC(=O)[C@H](CC4=CNC5=C4C=CC=N5)NC(=O)[C@H](CC6=CC=C(C=C6)O)NC(=O)[C@H](C(C)(C)C)NC(=O)[C@H](CC(=O)O)N(C)C(=O)[C@@H]7CC(=O)NCCCC[C@@H](C(=O)N[C@H](C(=O)N[C@H](C(=O)N[C@H](C(=O)N[C@H](C(=O)N7)CC8=CC=CC=C8)CCCNC(=N)N)CCC(=O)O)C(C)C)NC(=O)C)C(=O)O,3.93187,0,28,57,142,Zilucoplan,2,<rdkit.Chem.rdchem.Mol object at 0x000001457EB40850>,3559.969439,1416,5,3,3,8,1074.38,529,251,172,55,24,0
23994,Zn,65.4,[Zn],[Zn],-0.0025,0,0,0,0,Zinc,3,<rdkit.Chem.rdchem.Mol object at 0x000001457EB408A0>,63.9291422,2,0,0,0,0,0,1,1,0,0,0,0
5727,Cl2Zn,136.3,Cl[Zn]Cl,Cl[Zn]Cl,1.3765,0,0,0,0,Zinc%20chloride,2,<rdkit.Chem.rdchem.Mol object at 0x000001457EB408F0>,133.8668476,16,0,0,0,0,0,3,3,0,0,0,2
24424,O4SZn,161.4,[O-]S(=O)(=O)[O-].[Zn+2],[O-]S(=O)(=O)[O-].[Zn+2],-1.3405,0,0,4,0,Zinc%20sulfate,4,<rdkit.Chem.rdchem.Mol object at 0x000001457EB40940>,159.8808717,32,0,0,0,0,80.26,6,6,0,4,0,0
